AOI,date,TMax,TMin,TMed,HR,Rad,es,eamb,DPV,PAR,S2,GPP,ID,Date,FCOVER,NDVI Average,FAPAR Average
MOR,01/09/2023 00:00,30.9,18.9,24.9,36.8,22.3,31.49988772,11.59195868,1.990792904,10.704,0.21,3.378301128,MOR_4_a_FCOVER,01/09/2023,0.083557074,0.221008971,0.090066517
MOR,06/09/2023 00:00,29.2,18.4,23.8,44.7,22.5,29.4924969,13.18314611,1.630935078,10.8,0.22,0.759437208,MOR_4_a_FCOVER,06/09/2023,0.079824979,0.209010956,0.096950243
MOR,11/09/2023 00:00,26.3,17,21.6,58.6,13.8,25.8099757,15.12464576,1.068532994,6.624,0.24,0.606022774,MOR_4_a_FCOVER,11/09/2023,0.101410091,0.23712034,0.139815345
MOR,16/09/2023 00:00,22.6,15.6,19.1,73.5,11.8,22.11863648,16.25719781,0.586143867,5.664,0.26,0.734195383,MOR_4_a_FCOVER,16/09/2023,0.128671829,0.259568081,0.189178157
MOR,21/09/2023 00:00,21.7,12.9,17.3,75.3,12.9,19.75523511,14.87569204,0.487954307,6.192,0.32,1.236547318,MOR_4_a_FCOVER,21/09/2023,0.199324513,0.29670083,0.26813459
MOR,26/09/2023 00:00,28.8,16.5,22.7,41.8,20.8,27.59764987,11.53581764,1.606183222,9.984,0.36,2.583869933,MOR_4_a_FCOVER,26/09/2023,0.208826292,0.319568486,0.277574601
MOR,01/10/2023 00:00,32.6,18.4,25.5,31.6,20.2,32.64425171,10.31558354,2.232866817,9.696,0.37,1.997446161,MOR_4_a_FCOVER,01/10/2023,0.164696136,0.306970247,0.249482204
MOR,06/10/2023 00:00,32.4,19.2,25.8,27,18.9,33.2299025,8.972073676,2.425782883,9.072,0.34,1.3202082,MOR_4_a_FCOVER,06/10/2023,0.156134142,0.309884855,0.247248556
MOR,11/10/2023 00:00,28.6,14.5,21.6,40.5,17.9,25.8099757,10.45304016,1.535693554,8.592,0.36,1.155640824,MOR_4_a_FCOVER,11/10/2023,0.07551316,0.228446391,0.102932861
MOR,16/10/2023 00:00,22.2,14.3,18.3,75.4,9.1,21.0393377,15.86366063,0.517567707,4.368,0.45,1.531369454,MOR_4_a_FCOVER,16/10/2023,0.110280993,0.367073829,0.18475729
MOR,21/10/2023 00:00,15.5,7.7,11.6,76.5,13.5,13.66443126,10.45328992,0.321114135,6.48,0.55,2.530790568,MOR_4_a_FCOVER,21/10/2023,0.225887653,0.601579075,0.42979791
MOR,26/10/2023 00:00,18.7,12.7,15.7,87.2,7.1,17.84319897,15.5592695,0.228392947,3.408,0.64,2.976374894,MOR_4_a_FCOVER,26/10/2023,0.562719073,0.713260039,0.764680312
MOR,31/10/2023 00:00,14.5,8.8,11.6,73.4,5.1,13.66443126,10.02969255,0.363473872,2.448,0.72,2.597991192,MOR_4_a_FCOVER,31/10/2023,0.700461537,0.759771541,0.847887267
MOR,05/11/2023 00:00,13.7,7.7,10.7,79.3,10.3,12.87186226,10.20738677,0.266447549,4.944,0.77,5.20858512,MOR_4_a_FCOVER,05/11/2023,0.76337253,0.795661731,0.869349346
MOR,10/11/2023 00:00,15.1,7.3,11.2,80.9,10.9,13.3070367,10.76539269,0.254164401,5.232,0.81,6.631670232,MOR_4_a_FCOVER,10/11/2023,0.859998831,0.842868904,0.917281341
MOR,15/11/2023 00:00,21.3,11,16.2,58.5,12.5,18.42248158,10.77715172,0.764532985,6,0.84,4.845550745,MOR_4_a_FCOVER,15/11/2023,0.815935054,0.817650402,0.884466276
MOR,20/11/2023 00:00,19.1,12,15.5,69.5,11.6,17.61599526,12.24311671,0.537287856,5.568,0.81,3.425954184,MOR_4_a_FCOVER,20/11/2023,0.721363495,0.784558892,0.846453647
MOR,25/11/2023 00:00,15,4.7,9.8,62.2,11.5,12.11998753,7.538632243,0.458135529,5.52,0.77,2.754384998,MOR_4_a_FCOVER,25/11/2023,0.675855547,0.698497732,0.774746577
MOR,30/11/2023 00:00,15.9,11.8,13.8,92.9,3.6,15.784913,14.66418418,0.112072882,1.728,0.79,2.850680304,MOR_4_a_FCOVER,30/11/2023,0.675328523,0.760466546,0.807828158
MOR,01/12/2023 00:00,14,4.7,9.4,88.4,7.1,11.79841117,10.42979548,0.13686157,3.408,0.79,3.583634098,MOR_4_b_FCOVER,01/12/2023,0.677438434,0.69852467,0.775373434
MOR,06/12/2023 00:00,11.3,7.9,9.6,93.8,2.7,11.95824867,11.21683725,0.074141142,1.296,0.81,1.982130286,MOR_4_b_FCOVER,06/12/2023,0.675906454,0.761352437,0.80725921
MOR,11/12/2023 00:00,19.9,5.3,12.6,76.2,9,14.59505942,11.12143528,0.347362414,4.32,0.83,4.0891176,MOR_4_b_FCOVER,11/12/2023,0.674253353,0.82658233,0.8631605
MOR,16/12/2023 00:00,14.3,5,9.7,62.1,10.5,12.03887923,7.476144,0.456273523,5.04,0.84,2.946207384,MOR_4_b_FCOVER,16/12/2023,0.669807407,0.843906612,0.881069345
MOR,21/12/2023 00:00,11.7,2.9,7.3,72.9,10.2,10.23019642,7.457813193,0.277238323,4.896,0.83,3.150751608,MOR_4_b_FCOVER,21/12/2023,0.806788416,0.83037132,0.912288635
MOR,26/12/2023 00:00,8.5,-2.5,3,94.4,10.8,7.580144527,7.155656433,0.042448809,5.184,0.83,2.624405759,MOR_4_b_FCOVER,26/12/2023,0.80376248,0.830527638,0.916107694
MOR,31/12/2023 00:00,11.8,4.4,8.1,84.7,6.2,10.80450793,9.151418217,0.165308971,2.976,0.83,3.132348399,MOR_4_b_FCOVER,31/12/2023,0.79536985,0.827738842,0.915088276
MOR,05/01/2024 00:00,8.3,4,6.1,86.3,6.4,9.419114393,8.128695721,0.129041867,3.072,0.84,2.595226392,MOR_4_b_FCOVER,05/01/2024,0.784848501,0.784984819,0.921129062
MOR,10/01/2024 00:00,9.2,5.1,7.1,95.1,3.6,10.09088955,9.596435967,0.049445359,1.728,0.84,2.32325928,MOR_4_b_FCOVER,10/01/2024,0.807512801,0.845679453,0.92918259
MOR,15/01/2024 00:00,15.8,10,12.9,92.3,4.1,14.88488751,13.73875118,0.114613634,1.968,0.84,3.153436596,MOR_4_b_FCOVER,15/01/2024,0.778259047,0.851112859,0.916317594
MOR,20/01/2024 00:00,7.7,3,5.3,87.8,4.2,8.910395347,7.823327114,0.108706823,2.016,0.84,3.847218163,MOR_4_b_FCOVER,20/01/2024,0.783922207,0.832173141,0.902502797
MOR,25/01/2024 00:00,23.7,11.9,17.8,53.6,12.3,20.38843714,10.92820231,0.946023484,5.904,0.84,3.32009388,MOR_4_b_FCOVER,25/01/2024,0.80376649,0.812719951,0.894280501
MOR,30/01/2024 00:00,16.2,6.4,11.3,83,12.5,13.39560641,11.11835332,0.227725309,6,0.84,4.472717033,MOR_4_b_FCOVER,30/01/2024,0.826000944,0.826196764,0.913344748
MOR,04/02/2024 00:00,17.2,7.4,12.3,58.5,13.6,14.31019823,8.371465967,0.593873227,6.528,0.82,4.865915074,MOR_4_b_FCOVER,04/02/2024,0.874745699,0.837084649,0.92379323
MOR,09/02/2024 00:00,11.2,7.5,9.4,94.2,2.3,11.79841117,11.11410333,0.068430785,1.104,0.81,2.5014366,MOR_4_b_FCOVER,09/02/2024,0.846511437,0.812528153,0.908978147
MOR,14/02/2024 00:00,21,11.8,16.4,72.4,11.7,18.65876874,13.50894857,0.514982017,5.616,0.8,5.75223984,MOR_4_b_FCOVER,14/02/2024,0.42192101,0.811091012,0.646371578
MOR,15/02/2024 00:00,17,7.4,12.2,74.5,4.1,14.21633567,10.59117008,0.36251656,1.968,0.8,2.574726912,MOR_4_c_FCOVER,15/02/2024,0.88340344,0.794877797,0.895861218
MOR,20/02/2024 00:00,18.9,8.2,13.5,64.8,16.9,15.47973945,10.03087116,0.544886828,8.112,0.83,6.9360354,MOR_4_c_FCOVER,20/02/2024,0.88779665,0.830681364,0.910687437
MOR,25/02/2024 00:00,12.3,7,9.7,88.2,7.3,12.03887923,10.61829148,0.142058775,3.504,0.81,3.995674834,MOR_4_c_FCOVER,25/02/2024,0.903783162,0.800573359,0.906457265
MOR,01/03/2024 00:00,10.6,0.1,5.4,73.1,18.6,8.97263093,6.55899321,0.241363772,8.928,0.81,6.784532136,MOR_4_c_FCOVER,01/03/2024,0.892202228,0.810337196,0.904206753
MOR,06/03/2024 00:00,15.7,4.7,10.2,57.8,19.4,12.44924659,7.195664531,0.525358206,9.312,0.78,6.200294926,MOR_4_c_FCOVER,06/03/2024,0.880949378,0.784813235,0.884326329
MOR,11/03/2024 00:00,12.7,4.3,8.5,81.5,16.3,11.102163,9.048262849,0.205390016,7.824,0.76,5.608608048,MOR_4_c_FCOVER,11/03/2024,0.812230041,0.771372358,0.846497804
MOR,16/03/2024 00:00,21.2,11.6,16.4,67.4,18.3,18.65876874,12.57601013,0.608275861,8.784,0.74,6.207847128,MOR_4_c_FCOVER,16/03/2024,0.771636754,0.739332676,0.797803164
MOR,21/03/2024 00:00,22.7,11,16.9,66.3,18.3,19.26114082,12.77013636,0.649100446,8.784,0.75,8.51591232,MOR_4_c_FCOVER,21/03/2024,0.758993516,0.755612979,0.7979093
MOR,26/03/2024 00:00,8.9,3.1,6,81.4,14.8,9.354155951,7.614282944,0.173987301,7.104,0.75,7.530676784,MOR_4_c_FCOVER,26/03/2024,0.74886482,0.770219038,0.800967117
MOR,31/03/2024 00:00,9,4.5,6.7,90.1,7.8,9.817278901,8.84536829,0.097191061,3.744,0.75,4.396512617,MOR_4_c_FCOVER,31/03/2024,0.752425087,0.772423439,0.796433066
MOR,05/04/2024 00:00,25,11.1,18,55.6,23.8,20.64665034,11.47953759,0.916711275,11.424,0.76,8.893013112,MOR_4_c_FCOVER,05/04/2024,0.785940894,0.771594533,0.797831396
MOR,10/04/2024 00:00,20,10.1,15.1,45.8,25.9,17.1691841,7.86348632,0.930569778,12.432,0.77,8.070999192,MOR_4_c_FCOVER,10/04/2024,0.799890226,0.783580141,0.804037196
MOR,15/04/2024 00:00,25.7,14.3,20,54.9,26.3,23.39046916,12.84136757,1.054910159,12.624,0.79,9.108642002,MOR_4_c_FCOVER,15/04/2024,0.821284811,0.793161323,0.827020615
MOR,20/04/2024 00:00,22.6,9.2,15.9,67.7,24.7,18.07296716,12.23539876,0.583756839,11.856,0.77,9.404522064,MOR_4_c_FCOVER,20/04/2024,0.817475639,0.772069092,0.829477063
MOR,25/04/2024 00:00,19.5,6.1,12.8,52.8,20.5,14.78772175,7.807917084,0.697980467,9.84,0.76,9.32476644,MOR_4_c_FCOVER,25/04/2024,0.755715519,0.745039146,0.796157054
MOR,30/04/2024 00:00,14.5,6.4,10.5,75.5,18.5,12.70132647,9.589501482,0.311182498,8.88,0.73,6.249350016,MOR_4_c_FCOVER,30/04/2024,0.670672798,0.716100888,0.700023334
MOR,05/05/2024 00:00,21.7,10.5,16.1,72.7,19.5,18.30532437,13.30797081,0.499735355,9.36,0.7,6.987367109,MOR_4_c_FCOVER,05/05/2024,0.644630849,0.689905494,0.62963901
MOR,10/05/2024 00:00,27.5,14.1,20.8,37.6,28,24.57420719,9.239901904,1.533430529,13.44,0.65,5.176541801,MOR_4_c_FCOVER,10/05/2024,0.575055718,0.662325084,0.574128201
MOR,15/05/2024 00:00,17.7,5.5,11.6,57.4,30.4,13.66443126,7.843383546,0.582104772,14.592,0.56,5.322065494,MOR_4_c_FCOVER,15/05/2024,0.467044969,0.560948054,0.471796383
MOR,20/05/2024 00:00,21.5,8.9,15.2,53.5,26,17.27994491,9.244770526,0.803517438,12.48,0.48,3.794776409,MOR_4_c_FCOVER,20/05/2024,0.332537596,0.445606401,0.35524639
MOR,25/05/2024 00:00,30.8,14.7,22.7,29,30.1,27.59764987,8.003318461,1.959433141,14.448,0.42,2.333087647,MOR_4_c_FCOVER,25/05/2024,0.283698211,0.422624439,0.339962502
MOR,30/05/2024 00:00,34.5,20.6,27.5,29,29.7,36.72472328,10.65016975,2.607455353,14.256,0.34,1.353783456,MOR_4_c_FCOVER,30/05/2024,0.152480488,0.345038046,0.210119918
MOR,04/06/2024 00:00,30.2,16.8,23.5,44.6,27.5,28.96478884,12.91829582,1.604649302,13.2,0.32,0.54269184,MOR_4_c_FCOVER,04/06/2024,0.163108259,0.33006383,0.221005822
MOR,09/06/2024 00:00,23.1,13.3,18.2,65.8,16.9,20.90772178,13.75728093,0.715044085,8.112,0.29,0.899818135,MOR_4_c_FCOVER,09/06/2024,0.129300798,0.290518535,0.163403481
MOR,14/06/2024 00:00,31.8,15.5,23.7,30.1,31,29.31566971,8.824016583,2.049165313,14.88,0.29,2.219149159,MOR_4_c_FCOVER,14/06/2024,0.123731956,0.290781704,0.14608112
MOR,01/09/2022 00:00,29.9,18.1,24,32,16,29.84894529,9.551662494,2.02972828,7.68,0.225424459,0.621984059,MOR_3_a_FCOVER,01/09/2022,0.093598823,0.212820637,0.109819695
MOR,06/09/2022 00:00,28.5,14.8,21.9,51.3,23.6,26.28719309,13.48533005,1.280186303,11.328,0.214424603,0.955502186,MOR_3_a_FCOVER,06/09/2022,0.09674033,0.211256556,0.123471364
MOR,11/09/2022 00:00,34.6,20,27.7,34.4,21.2,37.15619623,12.7817315,2.437446473,10.176,0.207676977,0.704021166,MOR_3_a_FCOVER,11/09/2022,0.07010746,0.19569244,0.095881293
MOR,16/09/2022 00:00,26.6,14.9,20.7,65.8,22.6,24.42343329,16.07061911,0.835281419,10.848,0.195484738,0.435188296,MOR_3_a_FCOVER,16/09/2022,0.089495978,0.20197135,0.119762702
MOR,21/09/2022 00:00,24,16.8,20,69.8,11.6,23.39046916,16.32654748,0.706392169,5.568,0.194327873,0.258024119,MOR_3_a_FCOVER,21/09/2022,0.064256519,0.172671995,0.058786497
MOR,26/09/2022 00:00,22.9,11.1,16.7,59.8,19.2,19.01817835,11.37287065,0.76453077,9.216,0.212854251,0.85212697,MOR_3_a_FCOVER,26/09/2022,0.070815988,0.181619818,0.081472088
MOR,01/10/2022 00:00,25.1,11.9,18.3,35.2,20,21.0393377,7.405846871,1.363349083,9.6,0.20960962,0.775561791,MOR_3_a_FCOVER,01/10/2022,0.074403164,0.180822006,0.083651998
MOR,06/10/2022 00:00,27.4,14.5,21.1,52.2,16.3,25.03142115,13.06640184,1.196501931,7.824,0.197404121,0.645854016,MOR_3_a_FCOVER,06/10/2022,0.061876631,0.179132958,0.065623017
MOR,11/10/2022 00:00,24.7,13.7,18.3,65,14.4,21.0393377,13.67556951,0.73637682,6.912,0.196374292,0.608146945,MOR_3_a_FCOVER,11/10/2022,0.080953561,0.17325568,0.076275421
MOR,16/10/2022 00:00,26.6,14.2,20.4,50.4,11.3,23.97595221,12.08387991,1.189207229,5.424,0.209642529,0.459723208,MOR_3_a_FCOVER,16/10/2022,0.059240016,0.180020606,0.069852884
MOR,21/10/2022 00:00,18.7,13.7,15.6,91.1,5.9,17.72927808,16.15137233,0.157790575,2.832,0.225364715,0.175728695,MOR_3_a_FCOVER,21/10/2022,0.057092751,0.157716076,0.066995275
MOR,26/10/2022 00:00,26.9,15.1,20.9,44.6,9.7,24.725794,11.02770412,1.369808987,4.656,0.241086895,0.452020397,MOR_3_a_FCOVER,26/10/2022,0.052990593,0.205102522,0.067983899
MOR,31/10/2022 00:00,20.8,13.9,16.8,63.3,5,19.13932186,12.11519074,0.702413112,2.4,0.256809083,0.387363112,MOR_3_a_FCOVER,31/10/2022,0.05855169,0.235594069,0.089618217
MOR,05/11/2022 00:00,21.1,8.2,14.4,43.8,14.1,16.41113629,7.188077693,0.922305859,6.768,0.265361021,0.728554168,MOR_3_a_FCOVER,05/11/2022,0.081493051,0.241305703,0.134791026
MOR,10/11/2022 00:00,18.3,9.3,12.6,72.2,13,14.59505942,10.5376329,0.405742652,6.24,0.279000543,0.645041534,MOR_3_a_FCOVER,10/11/2022,0.100210772,0.225426796,0.160462407
MOR,15/11/2022 00:00,18.8,12.6,15,81.3,7.3,17.0590463,13.86900464,0.319004166,3.504,0.310989141,0.656201071,MOR_3_a_FCOVER,15/11/2022,0.10626556,0.249816996,0.165286532
MOR,20/11/2022 00:00,12.9,4.9,8.9,89.6,4.3,11.40701086,10.22068173,0.118632913,2.064,0.350824793,0.909231265,MOR_3_a_FCOVER,20/11/2022,0.080314611,0.272169463,0.159717952
MOR,25/11/2022 00:00,14.6,6.8,11.8,81.9,9.8,13.84627016,11.34009526,0.25061749,4.704,0.390660435,1.070303613,MOR_3_a_FCOVER,25/11/2022,0.121099318,0.340512604,0.23115252
MOR,30/11/2022 00:00,13.8,5.1,9,57.4,8.3,11.48436398,6.592024926,0.489233906,3.984,0.428725362,0.924563137,MOR_3_a_FCOVER,30/11/2022,0.170801262,0.392215252,0.323076054
MOR,01/12/2022 00:00,15.2,6,9.7,59.9,10.2,12.03887923,7.211288657,0.482759057,4.896,0.437934111,1.059004813,MOR_3_b_FCOVER,01/12/2022,0.170228434,0.393900787,0.322322413
MOR,06/12/2022 00:00,12.3,9.1,10.3,95.5,4.2,12.53278002,11.96880492,0.05639751,2.016,0.483977869,0.804751275,MOR_3_b_FCOVER,06/12/2022,0.17905261,0.429789021,0.342728332
MOR,11/12/2022 00:00,16.2,8.4,12.7,89.1,4,14.69111329,13.08978195,0.160133135,1.92,0.530021618,1.178450015,MOR_3_b_FCOVER,11/12/2022,0.221144785,0.524121129,0.418479155
MOR,16/12/2022 00:00,11.8,6.2,9,95.4,5,11.48436398,10.95608324,0.052828074,2.4,0.576065361,2.028832354,MOR_3_b_FCOVER,16/12/2022,0.295538943,0.59566028,0.523009523
MOR,21/12/2022 00:00,13.7,9.5,11.5,89,5.7,13.57430111,12.08112799,0.149317312,2.736,0.626987129,2.050397548,MOR_3_b_FCOVER,21/12/2022,0.316862007,0.591610739,0.551892068
MOR,26/12/2022 00:00,19.6,9.3,14.1,57.5,9.1,16.09535292,9.254827929,0.684052499,4.368,0.674901098,1.989945505,MOR_3_b_FCOVER,26/12/2022,0.35273138,0.644677153,0.613616406
MOR,31/12/2022 00:00,16.3,6,10.4,56.7,8.3,12.61680582,7.153728899,0.546307692,3.984,0.696332554,2.326686228,MOR_3_b_FCOVER,31/12/2022,0.363202439,0.672644757,0.644559626
MOR,05/01/2023 00:00,14.3,7.1,9.9,78.5,10.5,12.20157599,9.57823715,0.262333884,5.04,0.715015183,2.757890702,MOR_3_b_FCOVER,05/01/2023,0.390105158,0.695092377,0.684765488
MOR,10/01/2023 00:00,11.3,6.2,8,96,7.8,10.73120093,10.30195289,0.042924804,3.744,0.728737076,3.357391631,MOR_3_b_FCOVER,10/01/2023,0.425859988,0.716454253,0.722969518
MOR,15/01/2023 00:00,10,2.8,6.4,93.7,3.9,9.616381134,9.010549123,0.060583201,1.872,0.740204751,2.640348329,MOR_3_b_FCOVER,15/01/2023,0.469832915,0.729508499,0.739911889
MOR,20/01/2023 00:00,11.8,7,8.9,93.5,3,11.40701086,10.66555515,0.074145571,1.44,0.750151366,1.195587187,MOR_3_b_FCOVER,20/01/2023,0.494426907,0.744798575,0.767599705
MOR,25/01/2023 00:00,8.6,-1.3,3,64.5,12.4,7.580144527,4.88919322,0.269095131,5.952,0.761622955,2.059532238,MOR_3_b_FCOVER,25/01/2023,0.531135485,0.773878622,0.806899637
MOR,30/01/2023 00:00,10.5,0,4.9,58.3,13.3,8.665241875,5.051836013,0.361340586,6.384,0.722492516,1.905382116,MOR_3_b_FCOVER,30/01/2023,0.535881876,0.754984136,0.786980745
MOR,04/02/2023 00:00,17.2,5.2,10.5,35.3,14.4,12.70132647,4.483568243,0.821775822,6.912,0.628291994,2.234516435,MOR_3_b_FCOVER,04/02/2023,0.472141594,0.709062334,0.727783689
MOR,09/02/2023 00:00,13,2.6,7.6,67.9,13.7,10.44233246,7.090343744,0.335198872,6.576,0.599936922,2.284115379,MOR_3_b_FCOVER,09/02/2023,0.382055019,0.593220265,0.585169234
MOR,14/02/2023 00:00,14.2,4.8,8.8,63.5,10.9,11.33011652,7.194623993,0.413549253,5.232,0.579378555,2.22988922,MOR_3_b_FCOVER,14/02/2023,0.365506771,0.530080104,0.571074608
MOR,15/02/2023 00:00,15.6,4.9,9.6,62.4,14.3,11.95824867,7.461947169,0.44963015,6.864,0.575266868,2.56662629,MOR_3_c_FCOVER,15/02/2023,0.333898748,0.403304696,0.505381738
MOR,20/02/2023 00:00,19,10.3,13.9,44.5,13.3,15.88780404,7.070072796,0.881773124,6.384,0.55470854,3.035777797,MOR_3_c_FCOVER,20/02/2023,0.339346826,0.486160805,0.463611523
MOR,25/02/2023 00:00,7.4,0.5,4,69.7,11.1,8.135273896,5.670285905,0.246498799,5.328,0.549877534,2.397024476,MOR_3_c_FCOVER,25/02/2023,0.339220047,0.520619343,0.470701938
MOR,02/03/2023 00:00,10.1,-0.4,5,42,19.3,8.725965893,3.664905675,0.506106022,9.264,0.546393365,2.529403858,MOR_3_c_FCOVER,02/03/2023,0.355637653,0.50965054,0.473977029
MOR,07/03/2023 00:00,15.5,8,11.4,78.1,16.5,13.48469369,10.53154577,0.295314792,7.92,0.525351952,3.691579393,MOR_3_c_FCOVER,07/03/2023,0.329290147,0.465877903,0.429111975
MOR,12/03/2023 00:00,23.2,9.2,15.7,72,19,17.84319897,12.84710326,0.499609571,9.12,0.546653241,3.768554492,MOR_3_c_FCOVER,12/03/2023,0.382145099,0.520220711,0.452748207
MOR,17/03/2023 00:00,16.3,9.3,12.6,63.6,13.6,14.59505942,9.282457793,0.531260163,6.528,0.538764338,3.311573866,MOR_3_c_FCOVER,17/03/2023,0.338757697,0.493063312,0.435591252
MOR,22/03/2023 00:00,23,10.6,16.7,39.1,22.4,19.01817835,7.436107736,1.158207062,10.752,0.500297283,3.058193455,MOR_3_c_FCOVER,22/03/2023,0.317079354,0.471668826,0.419057706
MOR,27/03/2023 00:00,22.8,9,15.6,33.1,22.4,17.72927808,5.868391045,1.186088704,10.752,0.46115086,2.651452871,MOR_3_c_FCOVER,27/03/2023,0.274757364,0.419437602,0.347644919
MOR,01/04/2023 00:00,19.8,7.8,13.8,63.5,21.9,15.784913,10.02341976,0.576149325,10.512,0.418228328,2.690336052,MOR_3_c_FCOVER,01/04/2023,0.258131738,0.401275545,0.335385837
MOR,06/04/2023 00:00,23.4,9.5,16.7,23,24.7,19.01817835,4.374181021,1.464399733,11.856,0.387156621,1.816344096,MOR_3_c_FCOVER,06/04/2023,0.199676098,0.381661538,0.271160697
MOR,11/04/2023 00:00,27.3,11.7,19.4,38.8,26.2,22.53568668,8.743846431,1.379184025,12.576,0.34532704,1.861086016,MOR_3_c_FCOVER,11/04/2023,0.179468602,0.348907618,0.245851724
MOR,16/04/2023 00:00,24.4,12.6,18.4,30.4,27.4,21.17167824,6.436190184,1.473548805,13.152,0.314509705,1.392321624,MOR_3_c_FCOVER,16/04/2023,0.132595388,0.323747135,0.170915
MOR,21/04/2023 00:00,21.9,11.9,17.3,47.3,25,19.75523511,9.344226206,1.04110089,12,0.298593566,1.369766275,MOR_3_c_FCOVER,21/04/2023,0.124038328,0.301252959,0.162395246
MOR,26/04/2023 00:00,31.4,16.2,24.2,23.7,28.4,30.20914661,7.159567747,2.304957886,13.632,0.271581848,0.921004317,MOR_3_c_FCOVER,26/04/2023,0.127985893,0.291611661,0.158405257
MOR,01/05/2023 00:00,28.6,14.9,22.3,33.6,27.1,26.93546238,9.050315358,1.788514702,13.008,0.249848992,0.891411394,MOR_3_c_FCOVER,01/05/2023,0.11944811,0.269559955,0.137807765
MOR,06/05/2023 00:00,26.1,13.5,20.4,36.5,29.3,23.97595221,8.751222555,1.522472965,14.064,0.238196018,1.698996493,MOR_3_c_FCOVER,06/05/2023,0.115262593,0.245784014,0.122470066
MOR,11/05/2023 00:00,26.3,12.7,20.2,26.3,29.4,23.68162874,6.228268357,1.745336038,14.112,0.218128378,1.333124959,MOR_3_c_FCOVER,11/05/2023,0.104148895,0.21796494,0.101202374
MOR,16/05/2023 00:00,24.2,11.4,18.4,25.5,30.1,21.17167824,5.39877795,1.577290029,14.448,0.222788709,1.086976138,MOR_3_c_FCOVER,16/05/2023,0.101621399,0.234879305,0.114075169
MOR,01/09/2021 00:00,28.5,17.3,22.8,56.1,14.5,27.76540085,15.57638987,1.218901097,6.96,0.220580096,0.534871741,MOR_2_a_FCOVER,01/09/2021,0.061463108,0.179245072,0.05435966
MOR,06/09/2021 00:00,31.4,24,27.3,33.8,7.7,36.29761984,12.26859551,2.402902433,3.696,0.219017694,0.307665972,MOR_2_a_FCOVER,06/09/2021,0.071005628,0.190072642,0.065663715
MOR,11/09/2021 00:00,31.1,17.5,24,42.5,20.4,29.84894529,12.68580175,1.716314354,9.792,0.221731725,0.74373107,MOR_2_a_FCOVER,11/09/2021,0.075349599,0.176027058,0.070234934
MOR,16/09/2021 00:00,25.4,15,19.7,72.2,19.1,22.95959913,16.57683057,0.638276856,9.168,0.246615581,1.035883382,MOR_2_a_FCOVER,16/09/2021,0.084292351,0.209516067,0.086713862
MOR,21/09/2021 00:00,24.2,14.1,19.1,48.1,21.5,22.11863648,10.63906415,1.147957233,10.32,0.278013373,1.18704649,MOR_2_a_FCOVER,21/09/2021,0.088404826,0.18964781,0.101707102
MOR,26/09/2021 00:00,24.7,14,19,66.6,19.6,21.98112837,14.6394315,0.734169688,9.408,0.335466921,1.971345814,MOR_2_a_FCOVER,26/09/2021,0.119278105,0.261962286,0.158415318
MOR,01/10/2021 00:00,26.5,16.3,21.4,42.3,16.4,25.49605166,10.78482985,1.471122181,7.872,0.3512338,2.42711316,MOR_2_a_FCOVER,01/10/2021,0.180445902,0.314915739,0.252460184
MOR,06/10/2021 00:00,26.9,14,19.6,64.2,19.1,22.81752664,14.6488521,0.816867454,9.168,0.339209567,1.887607195,MOR_2_a_FCOVER,06/10/2021,0.153101346,0.293849063,0.230137604
MOR,11/10/2021 00:00,25.3,13.5,19,51.5,16.4,21.98112837,11.32028111,1.066084726,7.872,0.339508628,2.206378008,MOR_2_a_FCOVER,11/10/2021,0.155802348,0.301296842,0.229711019
MOR,16/10/2021 00:00,24.3,14.1,19,38.5,11.2,21.98112837,8.462734423,1.351839395,5.376,0.3096528,0.84266352,MOR_2_a_FCOVER,16/10/2021,0.150015627,0.284212471,0.223857818
MOR,21/10/2021 00:00,20.9,12.3,16.4,65.1,14.8,18.65876874,12.14685845,0.651191029,7.104,0.305848385,1.170397296,MOR_2_a_FCOVER,21/10/2021,0.133668404,0.267985022,0.206181544
MOR,26/10/2021 00:00,21.9,11.8,16.3,42.6,13,18.54029533,7.89816581,1.064212952,6.24,0.296055953,0.948289788,MOR_2_a_FCOVER,26/10/2021,0.135660087,0.261198581,0.208429412
MOR,31/10/2021 00:00,20.2,16.9,18.3,87.1,6.9,21.0393377,18.32526314,0.271407456,3.312,0.329587375,1.217410258,MOR_2_a_FCOVER,31/10/2021,0.144338893,0.261366217,0.201060602
MOR,05/11/2021 00:00,12.2,2.9,7.6,66.5,13.3,10.44233246,6.944151089,0.349818138,6.384,0.3920014,1.202387101,MOR_2_a_FCOVER,05/11/2021,0.176022852,0.337896055,0.300196783
MOR,10/11/2021 00:00,16.6,6.7,11,59.3,13,13.13143973,7.786943763,0.534449597,6.24,0.450664004,1.030018421,MOR_2_a_FCOVER,10/11/2021,0.199847543,0.392269362,0.342771133
MOR,15/11/2021 00:00,14.7,7.2,10.3,63.8,12.6,12.53278002,7.995913651,0.453686637,6.048,0.488724569,1.687800024,MOR_2_a_FCOVER,15/11/2021,0.236327239,0.453068113,0.407937366
MOR,20/11/2021 00:00,11.6,9,10.5,84.8,1.8,12.70132647,10.77072484,0.193060162,0.864,0.511877606,0.757344643,MOR_2_a_FCOVER,20/11/2021,0.253332277,0.469987147,0.431594486
MOR,25/11/2021 00:00,9,2.5,5.6,89,5.1,9.098252779,8.097444973,0.100080781,2.448,0.540015996,1.04785501,MOR_2_a_FCOVER,25/11/2021,0.27521349,0.510126561,0.474739343
MOR,30/11/2021 00:00,11.5,5,7.9,72.2,9.7,10.65833211,7.695315787,0.296301633,4.656,0.568154375,2.059013585,MOR_2_a_FCOVER,30/11/2021,0.311611667,0.5513734,0.515678505
MOR,01/12/2021 00:00,9.5,2.9,4.9,85.9,7.7,8.665241875,7.44344277,0.12217991,3.696,0.573782057,2.299118342,MOR_2_b_FCOVER,01/12/2021,0.336286719,0.553505888,0.542849392
MOR,06/12/2021 00:00,12.6,0.3,6.3,83.7,10.3,9.550224903,7.993538243,0.155668666,4.944,0.601920426,2.188778651,MOR_2_b_FCOVER,06/12/2021,0.345314567,0.581025322,0.590040416
MOR,11/12/2021 00:00,15.4,3.2,9.1,88.8,8.9,11.56217822,10.26721426,0.129496396,4.272,0.630058805,2.184726839,MOR_2_b_FCOVER,11/12/2021,0.372020215,0.611703922,0.625732432
MOR,16/12/2021 00:00,16.8,-2.5,6.7,75.2,10.1,9.817278901,7.382593733,0.243468517,4.848,0.594798704,2.092217531,MOR_2_b_FCOVER,16/12/2021,0.364246681,0.600691299,0.633293162
MOR,21/12/2021 00:00,16.1,8.5,12,92.4,5.4,14.03023128,12.9639337,0.106629758,2.592,0.622595519,2.21679491,MOR_2_b_FCOVER,21/12/2021,0.373174141,0.605876168,0.626508514
MOR,26/12/2021 00:00,14.6,11,12.9,95.6,3.2,14.88488751,14.22995246,0.065493505,1.536,0.648300956,2.247759587,MOR_2_b_FCOVER,26/12/2021,0.395824075,0.65219757,0.685939103
MOR,31/12/2021 00:00,18.1,2.1,9.2,79.2,10.5,11.64045593,9.219241098,0.242121483,5.04,0.685716848,2.219317796,MOR_2_b_FCOVER,31/12/2021,0.429566056,0.675577243,0.716302514
MOR,05/01/2022 00:00,11.7,2.6,7.3,89,7.2,10.23019642,9.104874817,0.112532161,3.456,0.740698457,,MOR_2_b_FCOVER,05/01/2022,0.467804482,0.728384276,0.79434365
MOR,10/01/2022 00:00,11.4,3.6,8.2,95,4,10.87825538,10.33434261,0.054391277,1.92,0.743719776,,MOR_2_b_FCOVER,10/01/2022,0.495314921,0.730823477,0.781229178
MOR,15/01/2022 00:00,10.6,1.9,5.9,66.9,10.8,9.289592624,6.214737465,0.307485516,5.184,0.737316936,2.453927045,MOR_2_b_FCOVER,15/01/2022,0.479282568,0.739454677,0.782619869
MOR,20/01/2022 00:00,12.7,3.1,7.3,49.9,12.2,10.23019642,5.104868015,0.512532841,5.856,0.730684678,2.179933929,MOR_2_b_FCOVER,20/01/2022,0.549104584,0.721029204,0.796106028
MOR,25/01/2022 00:00,12.1,2.6,7,67.6,10.8,10.02186474,6.774780564,0.324708418,5.184,0.669955373,2.297429798,MOR_2_b_FCOVER,25/01/2022,0.461705525,0.66249584,0.636584078
MOR,30/01/2022 00:00,17.4,7.7,11.4,30.1,11.2,13.48469369,4.0588928,0.942580089,5.376,0.62412864,2.335562987,MOR_2_b_FCOVER,30/01/2022,0.526118303,0.687176362,0.771751816
MOR,04/02/2022 00:00,15.1,7.3,10.3,59.4,7.4,12.53278002,7.444471331,0.508830869,3.552,0.699678878,1.981946725,MOR_2_b_FCOVER,04/02/2022,0.52526723,0.686688073,0.763603169
MOR,09/02/2022 00:00,16.8,4.4,10.4,61.3,14.6,12.61680582,7.734101966,0.488270385,7.008,0.675806671,3.143978026,MOR_2_b_FCOVER,09/02/2022,0.476844969,0.621867501,0.664211559
MOR,14/02/2022 00:00,10.8,4.2,7.7,76.3,15.4,10.51390011,8.022105784,0.249179433,7.392,0.680517246,3.630928758,MOR_2_b_FCOVER,14/02/2022,0.466908554,0.674002938,0.653419064
MOR,19/02/2022 00:00,13.8,6.6,8.8,86.9,7.2,11.33011652,9.845871259,0.148424526,3.456,0.680246154,2.352433522,MOR_2_b_FCOVER,19/02/2022,0.5106596,0.650695254,0.695902785
MOR,24/02/2022 00:00,17.6,7.6,11.9,45.8,6.7,13.93798413,6.383596732,0.75543874,3.216,0.659878463,2.208548142,MOR_2_b_FCOVER,24/02/2022,0.497300784,0.646028598,0.67904829
MOR,01/03/2022 00:00,17,5.9,11.4,65,17.2,13.48469369,8.765050896,0.471964279,8.256,0.651052475,3.750570638,MOR_2_b_FCOVER,01/03/2022,0.494858801,0.637911012,0.671900521
MOR,06/03/2022 00:00,12.3,3.1,7.8,70.9,12.2,10.58589925,7.505402571,0.308049668,5.856,0.642226487,3.227991021,MOR_2_b_FCOVER,06/03/2022,0.487617522,0.626438399,0.634295841
MOR,11/03/2022 00:00,10.1,6.4,8.7,91.7,3.3,11.25367864,10.31962332,0.093405533,1.584,0.640925477,1.620484071,MOR_2_b_FCOVER,11/03/2022,0.485652367,0.610237221,0.595442931
MOR,16/03/2022 00:00,13.5,9.7,11.1,79.8,2.8,13.21898199,10.54874763,0.267023436,1.344,0.650911897,1.409302047,MOR_2_b_FCOVER,16/03/2022,0.479941616,0.609520028,0.61633263
MOR,21/03/2022 00:00,12.2,7.1,9.5,92,7.7,11.87809345,10.92784597,0.095024748,3.696,0.660898338,3.22870311,MOR_2_b_FCOVER,21/03/2022,0.52506197,0.644715826,0.670387536
MOR,26/03/2022 00:00,14.8,6.5,10.5,81.7,10.3,12.70132647,10.37698372,0.232434274,4.944,0.670884778,3.388679648,MOR_2_b_FCOVER,26/03/2022,0.602819413,0.673526208,0.697021425
MOR,31/03/2022 00:00,13.1,5.5,8.8,80.9,16.4,11.33011652,9.166064268,0.216405226,7.872,0.680871209,5.101313818,MOR_2_b_FCOVER,31/03/2022,0.669905613,0.664752195,0.692592561
MOR,01/04/2022 00:00,12.6,4.9,8,74,17.5,10.73120093,7.941088686,0.279011224,8.4,0.682868501,4.576143242,MOR_2_c_FCOVER,01/04/2022,0.620615164,0.66835926,0.669629922
MOR,06/04/2022 00:00,12.9,2.6,7.4,80.3,18.9,10.30048282,8.271287705,0.202919512,9.072,0.693181554,5.824604656,MOR_2_c_FCOVER,06/04/2022,0.627599448,0.688834151,0.680518677
MOR,11/04/2022 00:00,19.1,8.7,14,63.2,23,15.99128306,10.10649089,0.588479216,11.04,0.703712334,8.048942011,MOR_2_c_FCOVER,11/04/2022,0.649608642,0.692251196,0.693344752
MOR,16/04/2022 00:00,23.6,14,18.9,44.8,26.4,21.84436878,9.786277214,1.205809157,12.672,0.739581565,7.736087802,MOR_2_c_FCOVER,16/04/2022,0.67907452,0.729466818,0.733530281
MOR,21/04/2022 00:00,15.2,3.5,9.6,64.9,27.7,11.95824867,7.760903386,0.419734528,13.296,0.768017352,10.14100496,MOR_2_c_FCOVER,21/04/2022,0.689204389,0.767452082,0.748960711
MOR,26/04/2022 00:00,19.3,11.1,15.1,68.1,18.9,17.1691841,11.69221438,0.547696973,9.072,0.743868142,8.157939728,MOR_2_c_FCOVER,26/04/2022,0.654087518,0.722706389,0.721988872
MOR,01/05/2022 00:00,23.6,13.1,18.4,52,26.7,21.17167824,11.00927268,1.016240555,12.816,0.719718963,8.902609012,MOR_2_c_FCOVER,01/05/2022,0.635170397,0.71242034,0.685251745
MOR,06/05/2022 00:00,23.3,11.9,18.2,52.8,28.8,20.90772178,11.0392771,0.986844468,13.824,0.701432476,8.732964089,MOR_2_c_FCOVER,06/05/2022,0.627946171,0.681453798,0.666992246
MOR,11/05/2022 00:00,27.3,13.2,20.7,41.8,27.9,24.42343329,10.20899512,1.421443818,13.392,0.637689213,8.092726203,MOR_2_c_FCOVER,11/05/2022,0.53072202,0.630644511,0.562701836
MOR,16/05/2022 00:00,26.7,11.8,19.3,56.4,29.3,22.39591215,12.63129445,0.97646177,14.064,0.571318209,6.275771166,MOR_2_c_FCOVER,16/05/2022,0.437030079,0.54748865,0.474702882
MOR,21/05/2022 00:00,35.6,21.2,27.5,30.1,21.7,36.72472328,11.05414171,2.567058157,10.416,0.461178268,1.799922812,MOR_2_c_FCOVER,21/05/2022,0.257735387,0.405399415,0.30240347
MOR,26/05/2022 00:00,28.1,12.3,20.7,30.9,30.7,24.42343329,7.546840887,1.68765924,14.736,0.387588759,1.858813367,MOR_2_c_FCOVER,26/05/2022,0.183351293,0.368972252,0.216893765
MOR,31/05/2022 00:00,29.3,13.8,21.7,44.4,30.9,25.96820017,11.52988088,1.44383193,14.832,0.327909047,1.812601792,MOR_2_c_FCOVER,31/05/2022,0.179739461,0.340918796,0.22096755
MOR,05/06/2022 00:00,28.9,12.6,21.6,44.6,31,25.8099757,11.51124916,1.429872654,14.88,0.3138598,1.689765855,MOR_2_c_FCOVER,05/06/2022,0.166051309,0.344879635,0.201457517
MOR,10/06/2022 00:00,35.9,19.4,28.7,36.3,26.4,39.38042551,14.29509446,2.508533105,12.672,0.283963385,1.128200419,MOR_2_c_FCOVER,10/06/2022,0.149785451,0.309296223,0.171324799
MOR,15/06/2022 00:00,37.5,23.7,31.2,26.7,25,45.45487471,12.13645155,3.331842316,12,0.255503121,0.998485134,MOR_2_c_FCOVER,15/06/2022,0.133435699,0.297280224,0.139661397
MOR,20/06/2022 00:00,27.6,13.6,20.4,54.2,27.6,23.97595221,12.9949661,1.098098611,13.248,0.277592709,1.585020999,MOR_2_c_FCOVER,20/06/2022,0.126687725,0.28022338,0.166470478
MOR,25/06/2022 00:00,27.6,12.8,20.6,47.3,29.8,24.27346861,11.48135065,1.279211796,14.304,0.299682289,1.563758687,MOR_2_c_FCOVER,25/06/2022,0.135415335,0.287221842,0.161299785
MOR,30/06/2022 00:00,29.7,12.4,22.6,31.8,30.2,27.43078447,8.722989462,1.870779501,14.496,0.277521516,1.43978807,MOR_2_c_FCOVER,30/06/2022,0.142061998,0.293334263,0.176079368
MOR,01/07/2022 00:00,34.6,17,26.8,23.2,30.7,35.24873398,8.177706282,2.707102769,14.736,0.266988893,1.363969028,MOR_2_d_FCOVER,01/07/2022,0.138511366,0.303240741,0.163810968
MOR,06/07/2022 00:00,33.2,16.5,25.9,33.7,30.2,33.42714393,11.26494751,2.216219643,14.496,0.269939822,1.343267641,MOR_2_d_FCOVER,06/07/2022,0.13445546,0.320082396,0.159318754
MOR,11/07/2022 00:00,37.7,21.8,30.3,24,27.2,43.18038816,10.36329316,3.2817095,13.056,0.264773568,0.976553987,MOR_2_d_FCOVER,11/07/2022,0.133128618,0.300815564,0.158442779
MOR,16/07/2022 00:00,39.5,21.9,31.5,21.5,28.3,46.23582351,9.940702054,3.629512145,13.584,0.255006482,1.078413782,MOR_2_d_FCOVER,16/07/2022,0.122242336,0.305941609,0.145300823
MOR,21/07/2022 00:00,37.5,20.1,30.5,23.3,29,43.67709012,10.176762,3.350032813,13.92,0.244694754,1.027726523,MOR_2_d_FCOVER,21/07/2022,0.114577334,0.293080704,0.127151871
MOR,26/07/2022 00:00,35.3,21.6,28.7,27.6,29,39.38042551,10.86899744,2.851142807,13.92,0.268810739,1.212552342,MOR_2_d_FCOVER,26/07/2022,0.109596057,0.299041075,0.11776405
MOR,31/07/2022 00:00,37.5,22.1,30.3,33.1,27.9,43.18038816,14.29270848,2.888767968,13.392,0.2419923,0.934251488,MOR_2_d_FCOVER,31/07/2022,0.117746687,0.300304198,0.148657732
MOR,30/09/2020 00:00,25.9,14.2,19.7,43,14.2,22.95959913,9.872627625,1.30869715,6.816,0.208640762,0.545105872,MOR_1_a_FCOVER,30/09/2020,0.066955144,0.166551399,0.086970916
MOR,05/10/2020 00:00,16.4,5.9,10.7,61.9,18.2,12.87186226,7.967682737,0.490417952,8.736,0.210813028,0.861935427,MOR_1_a_FCOVER,05/10/2020,0.07733103,0.185934173,0.092529535
MOR,10/10/2020 00:00,28.4,16.7,22.2,36.7,17.6,26.77209997,9.825360687,1.694673928,8.448,0.21220498,1.264945373,MOR_1_a_FCOVER,10/10/2020,0.081689483,0.192404831,0.092620289
MOR,15/10/2020 00:00,23.4,9.9,16.7,43.7,17.4,19.01817835,8.31094394,1.070723441,8.352,0.215110056,0.826428312,MOR_1_a_FCOVER,15/10/2020,0.076399268,0.175210065,0.084148376
MOR,20/10/2020 00:00,23.4,10.9,16.5,51.4,7.4,18.77790495,9.651843147,0.912606181,3.552,0.223901019,0.428495357,MOR_1_a_FCOVER,20/10/2020,0.068855383,0.199096295,0.089911634
MOR,25/10/2020 00:00,17,9.2,11.7,88.5,9.1,13.75508675,12.17325177,0.158183498,4.368,0.234999453,0.545226466,MOR_1_a_FCOVER,25/10/2020,0.073029634,0.195978857,0.104892777
MOR,30/10/2020 00:00,17,8.1,11.9,53.7,14.3,13.93798413,7.484697478,0.645328665,6.864,0.243949808,0.879118682,MOR_1_a_FCOVER,30/10/2020,0.082140846,0.209145679,0.126563348
MOR,04/11/2020 00:00,22.9,11.6,16.7,87.9,9.3,19.01817835,16.71697877,0.230119958,4.464,0.312178721,1.712750653,MOR_1_a_FCOVER,04/11/2020,0.112382003,0.286934602,0.173312268
MOR,09/11/2020 00:00,16.3,9.7,12,85.6,7.5,14.03023128,12.00987797,0.20203533,3.6,0.403039287,1.580920984,MOR_1_a_FCOVER,09/11/2020,0.197904683,0.429196965,0.339053099
MOR,14/11/2020 00:00,17.8,9.5,13,90.5,3.4,14.98261332,13.55926505,0.142334827,1.632,0.493899852,1.364698303,MOR_1_a_FCOVER,14/11/2020,0.282543798,0.522271192,0.471933111
MOR,19/11/2020 00:00,20.3,11.3,15.1,54,11,17.1691841,9.271359416,0.789782469,5.28,0.5372081,1.919669112,MOR_1_a_FCOVER,19/11/2020,0.260872599,0.495387002,0.458139507
MOR,24/11/2020 00:00,15.9,6.9,11.1,66.3,11.1,13.21898199,8.764185061,0.445479693,5.328,0.472274979,2.074555757,MOR_1_a_FCOVER,24/11/2020,0.212329037,0.470632052,0.413243922
MOR,29/11/2020 00:00,9.4,6.7,7.8,87,7.2,10.58589925,9.20973235,0.13761669,3.456,0.521216944,2.237803999,MOR_1_a_FCOVER,29/11/2020,0.269677814,0.525821907,0.481505291
MOR,01/12/2020 00:00,13.9,7.9,10.5,76.6,10.6,12.70132647,9.729216073,0.297211039,5.088,0.540793747,2.344803574,MOR_1_b_FCOVER,01/12/2020,0.263022855,0.524749885,0.475417887
MOR,06/12/2020 00:00,8.3,2,5.3,86.8,8,8.910395347,7.734223161,0.117617219,3.84,0.568339477,2.345576832,MOR_1_b_FCOVER,06/12/2020,0.276098187,0.544649829,0.485265399
MOR,11/12/2020 00:00,8.9,1.1,4.9,96.9,1.8,8.665241875,8.396619377,0.02686225,0.864,0.611589849,0.726757337,MOR_1_b_FCOVER,11/12/2020,0.316203386,0.580445031,0.544356008
MOR,16/12/2020 00:00,12.8,8.2,10.2,89.8,5.5,12.44924659,11.17942344,0.126982315,2.64,0.644515435,2.366738568,MOR_1_b_FCOVER,16/12/2020,0.321453899,0.601464868,0.576117078
MOR,21/12/2020 00:00,8.9,4.5,7.2,88.8,9.4,10.16033273,9.022375462,0.113795727,4.512,0.6669647,3.073953024,MOR_1_b_FCOVER,21/12/2020,0.351969644,0.666009665,0.638070186
MOR,26/12/2020 00:00,12.1,8.3,10.1,50.9,10.5,12.36620308,6.294397368,0.607180571,5.04,0.689978669,1.976947776,MOR_1_b_FCOVER,26/12/2020,0.378229926,0.678915828,0.665276498
MOR,31/12/2020 00:00,8,1.8,4.3,86,7.9,8.308660977,7.14544844,0.116321254,3.792,0.689235916,1.812315725,MOR_1_b_FCOVER,31/12/2020,0.430783456,0.695513835,0.707637211
MOR,05/01/2021 00:00,5.8,-1.3,1.4,86.6,8.1,6.761312958,5.855297022,0.090601594,3.888,0.685059796,2.082899167,MOR_1_b_FCOVER,05/01/2021,0.43608365,0.695260435,0.707391719
MOR,10/01/2021 00:00,4.9,-0.1,1.7,88.1,7.2,6.908605285,6.086481256,0.082212403,3.456,0.684695383,2.313804528,MOR_1_b_FCOVER,10/01/2021,0.423899507,0.694893887,0.709219803
MOR,15/01/2021 00:00,11.6,0.5,4.7,77.3,11.5,8.544910684,6.605215959,0.193969473,5.52,0.666437457,2.169216936,MOR_1_b_FCOVER,15/01/2021,0.431756836,0.69717519,0.720022499
MOR,20/01/2021 00:00,10.9,3.8,7.6,91.8,3.3,10.44233246,9.586061203,0.085627126,1.584,0.659664571,1.565172137,MOR_1_b_FCOVER,20/01/2021,0.431623924,0.666498988,0.688759117
MOR,25/01/2021 00:00,14.2,6.8,10.6,90,4.3,12.78634445,11.50771,0.127863444,2.064,0.671215673,3.007440576,MOR_1_b_FCOVER,25/01/2021,0.430515205,0.688075474,0.694119354
MOR,30/01/2021 00:00,12,7.4,9.7,83.9,8.9,12.03887923,10.10061967,0.193825956,4.272,0.683533569,4.255919345,MOR_1_b_FCOVER,30/01/2021,0.445976314,0.693449562,0.695107425
MOR,04/02/2021 00:00,13.9,8.5,10.4,86.3,9.4,12.61680582,10.88830342,0.17285024,4.512,0.697001686,4.443887234,MOR_1_b_FCOVER,04/02/2021,0.437915451,0.690444978,0.686110343
MOR,09/02/2021 00:00,10.2,6.2,8.5,91.2,2.5,11.102163,10.12517266,0.097699034,1.2,0.710469812,1.958988866,MOR_1_b_FCOVER,09/02/2021,0.483140193,0.705499454,0.729306093
MOR,14/02/2021 00:00,18.1,6.8,11.7,59.8,15.7,13.75508675,8.225541874,0.552954487,7.536,0.745486935,4.657620528,MOR_1_b_FCOVER,14/02/2021,0.572670091,0.753495701,0.787073453
MOR,19/02/2021 00:00,18,6,11.3,61.8,16.6,13.39560641,8.27848476,0.511712165,7.968,0.74507161,5.249772432,MOR_1_b_FCOVER,19/02/2021,0.626894911,0.77301994,0.814789881
MOR,24/02/2021 00:00,16.2,5.3,10.4,67,16.4,12.61680582,8.453259898,0.416354592,7.872,0.728585005,5.669315496,MOR_1_b_FCOVER,24/02/2021,0.609064192,0.763057331,0.777222445
MOR,01/03/2021 00:00,14.4,7.3,10.5,72.3,9.6,12.70132647,9.183059035,0.351826743,4.608,0.713399967,4.62158244,MOR_1_b_FCOVER,01/03/2021,0.56509763,0.686246514,0.685701698
MOR,06/03/2021 00:00,15.8,7.5,10.8,80,12.3,12.9578824,10.36630592,0.259157648,5.904,0.721213847,5.663090376,MOR_1_b_FCOVER,06/03/2021,0.546274781,0.638589839,0.606848647
MOR,11/03/2021 00:00,17.1,8,11.9,59.7,19.6,13.93798413,8.320976526,0.56170076,9.408,0.734777441,6.377518584,MOR_1_b_FCOVER,11/03/2021,0.661118835,0.722692877,0.73449868
MOR,16/03/2021 00:00,18.4,8.5,13.2,42.2,21.5,15.17975605,6.405857053,0.8773899,10.32,0.77127851,5.079694248,MOR_1_b_FCOVER,16/03/2021,0.751800249,0.787389268,0.822374493
MOR,21/03/2021 00:00,12.7,0.1,6.7,47.5,22.5,9.817278901,4.663207478,0.515407142,10.8,0.758076678,4.617937656,MOR_1_b_FCOVER,21/03/2021,0.742901166,0.786685914,0.82900998
MOR,26/03/2021 00:00,20.2,8.9,13.6,51.9,18.8,15.58088354,8.086478555,0.749440498,9.024,0.720019579,5.962842432,MOR_1_b_FCOVER,26/03/2021,0.742377361,0.743695935,0.802150935
MOR,31/03/2021 00:00,25.9,11.9,18.6,35.2,21.3,21.43854667,7.546368429,1.389217824,10.224,0.686873416,8.14604472,MOR_1_b_FCOVER,31/03/2021,0.753162702,0.67567568,0.747040341
MOR,01/04/2021 00:00,19.7,11.9,16.1,50.7,20.4,18.30532437,9.280799454,0.902452491,9.792,0.680244197,8.345442096,MOR_1_c_FCOVER,01/04/2021,0.708078911,0.683654656,0.711742888
MOR,06/04/2021 00:00,22.1,11.1,16.6,44.8,19.6,18.89770711,8.466172783,1.043153432,9.408,0.678453555,6.491195863,MOR_1_c_FCOVER,06/04/2021,0.664094528,0.681285501,0.69303151
MOR,11/04/2021 00:00,18.1,9.4,13.2,76.6,17.5,15.17975605,11.62769313,0.355206292,8.4,0.676662922,7.456252392,MOR_1_c_FCOVER,11/04/2021,0.607242783,0.662426382,0.639888038
MOR,16/04/2021 00:00,18.5,6.3,11.7,74.8,22.1,13.75508675,10.28880489,0.346628186,10.608,0.674872269,6.199171056,MOR_1_c_FCOVER,16/04/2021,0.581347694,0.668389858,0.617763
MOR,21/04/2021 00:00,16.5,7.4,12.3,71.9,15.7,14.31019823,10.28903253,0.40211657,7.536,0.674120545,7.685104608,MOR_1_c_FCOVER,21/04/2021,0.566699549,0.676906957,0.624999778
MOR,26/04/2021 00:00,16.9,9.8,12.2,87.9,15.1,14.21633567,12.49615906,0.172017662,7.248,0.681820869,5.772898274,MOR_1_c_FCOVER,26/04/2021,0.543655934,0.690494821,0.616230663
MOR,01/05/2021 00:00,15.3,6.4,10.9,60.1,25.7,13.04440738,7.839688836,0.520471855,12.336,0.689521164,8.226795046,MOR_1_c_FCOVER,01/05/2021,0.53251721,0.691330993,0.593967191
MOR,06/05/2021 00:00,25.3,12.6,19.4,41.3,28.8,22.53568668,9.307238598,1.322844808,13.824,0.639899194,9.446827176,MOR_1_c_FCOVER,06/05/2021,0.482558661,0.649670823,0.543756141
MOR,11/05/2021 00:00,16.8,4.9,10.7,68.5,27.5,12.87186226,8.817225646,0.405463661,13.2,0.580090473,6.278450616,MOR_1_c_FCOVER,11/05/2021,0.37870892,0.527167712,0.422017106
MOR,16/05/2021 00:00,25.9,12.2,19,64.5,28.4,21.98112837,14.1778278,0.780330057,13.632,0.48595643,5.833102464,MOR_1_c_FCOVER,16/05/2021,0.285366548,0.426957344,0.329026535
MOR,21/05/2021 00:00,29.6,14.2,22.4,40.2,28.9,27.09969466,10.89407725,1.62056174,13.872,0.41925401,3.70422504,MOR_1_c_FCOVER,21/05/2021,0.265523408,0.402528959,0.323928826
MOR,26/05/2021 00:00,28.1,12.2,21.2,33.3,27.2,25.18546894,8.386761156,1.679870778,13.056,0.335616147,2.358346536,MOR_1_c_FCOVER,26/05/2021,0.155985352,0.322671245,0.225920349
MOR,31/05/2021 00:00,30.7,15.8,23.2,45.9,25.4,28.44534011,13.05641111,1.5388929,12.192,0.279648622,2.01544308,MOR_1_c_FCOVER,31/05/2021,0.111224006,0.260524153,0.132707785
MOR,05/06/2021 00:00,25.7,13.6,17.9,73.1,10.8,20.51718813,14.99806452,0.551912361,5.184,0.244492469,0.723682404,MOR_1_c_FCOVER,05/06/2021,0.091115057,0.2118648,0.094513724
MOR,10/06/2021 00:00,34.4,20.2,27.9,23.2,30.1,37.59207621,8.72136168,2.887071453,14.448,0.244173224,1.43934348,MOR_1_c_FCOVER,10/06/2021,0.106093389,0.213393968,0.110246822
MOR,15/06/2021 00:00,31.5,17.4,25.1,46,20.7,31.87739212,14.66360038,1.721379174,9.936,0.23062924,1.309958201,MOR_1_c_FCOVER,15/06/2021,0.093780922,0.216487429,0.101029958
MOR,20/06/2021 00:00,23.5,13.6,17.9,63.7,17.9,20.51718813,13.06944884,0.744773929,8.592,0.222019407,1.345155509,MOR_1_c_FCOVER,20/06/2021,0.079474002,0.211670096,0.082194065
MOR,25/06/2021 00:00,33.1,16.5,25.5,37.6,30.5,32.64425171,12.27423864,2.037001307,14.64,0.213409573,1.593258427,MOR_1_c_FCOVER,25/06/2021,0.086487209,0.188862776,0.087872058
MOR,30/06/2021 00:00,33.6,17.1,25.9,24.5,31.2,33.42714393,8.189650264,2.523749367,14.976,0.216498104,1.768641912,MOR_1_c_FCOVER,30/06/2021,0.077462728,0.186419576,0.084215517
MOR,01/07/2021 00:00,34,19,27,24,30.8,35.66507609,8.559618261,2.710545783,14.784,0.21523718,1.620819945,MOR_1_d_FCOVER,01/07/2021,0.077573769,0.196453534,0.084412072
MOR,06/07/2021 00:00,29.1,15.5,22.2,57,28.8,26.77209997,15.26009698,1.151200299,13.824,0.209592742,1.556719387,MOR_1_d_FCOVER,06/07/2021,0.089889426,0.207861408,0.093830555
MOR,11/07/2021 00:00,40.7,24.5,32.7,26.4,23.4,49.4773833,13.06202919,3.641535411,11.232,0.210557404,1.152264658,MOR_1_d_FCOVER,11/07/2021,0.080234552,0.19797551,0.08289145
MOR,16/07/2021 00:00,36,18.4,28.1,29.7,29.6,38.03240098,11.29562309,2.673677789,14.208,0.202329646,1.199060258,MOR_1_d_FCOVER,16/07/2021,0.070823283,0.183198526,0.069107828
MOR,21/07/2021 00:00,35.7,20.1,28.3,24.6,29.5,38.47720855,9.465393304,2.901181525,14.16,0.210897113,1.160691379,MOR_1_d_FCOVER,21/07/2021,0.073656478,0.18766824,0.07392705
MOR,26/07/2021 00:00,30.5,17.1,23.9,55.3,27.4,29.67025405,16.40765049,1.326260356,13.152,0.195887476,1.228659717,MOR_1_d_FCOVER,26/07/2021,0.067247733,0.182024978,0.061333448
MOR,31/07/2021 00:00,26,13.9,20.6,47,27.8,24.27346861,11.40853025,1.286493836,13.344,0.20823429,1.266026728,MOR_1_d_FCOVER,31/07/2021,0.074943647,0.193139476,0.070385024
MOR,05/08/2021 00:00,34.3,19,26.9,29.1,28.3,35.45637272,10.31780446,2.513856826,13.584,0.192115441,1.098457675,MOR_1_d_FCOVER,05/08/2021,0.059093946,0.178644627,0.053511229
MOR,10/08/2021 00:00,35.3,19.6,28,38.1,23.8,37.81168062,14.40625032,2.340543031,11.424,0.183106616,1.209683311,MOR_1_d_FCOVER,10/08/2021,0.063314267,0.18870886,0.072489329
MOR,15/08/2021 00:00,41.4,27.3,33.8,18.4,20.7,52.62033926,9.682142424,4.293819684,9.936,0.210408906,0.769125542,MOR_1_d_FCOVER,15/08/2021,0.077145618,0.207610815,0.097392709
MOR,20/08/2021 00:00,33.6,19,26.6,38.8,25.6,34.83663207,13.51661324,2.132001883,12.288,0.217654608,0.897382562,MOR_1_d_FCOVER,20/08/2021,0.074954143,0.202533718,0.078397061
MOR,25/08/2021 00:00,30.5,19.3,24.6,59.6,21.6,30.94094126,18.44080099,1.250014027,10.368,0.212715663,0.888432473,MOR_1_d_FCOVER,25/08/2021,0.06626843,0.180369478,0.068334615
MOR,30/08/2021 00:00,29.7,15.7,22.9,44.2,24.8,27.93404137,12.34684629,1.558719509,11.904,0.199085144,0.858993848,MOR_1_d_FCOVER,30/08/2021,0.057932084,0.20952137,0.060113521
HIN,16/11/2023 00:00,21.2,5.3,12.3,84.9,9.8,14.31019823,12.1493583,0.216083993,4.704,0.55,4.241098887,HIN_1_a_FCOVER,16/11/2023,0.325498617,0.466788911,0.467285276
HIN,21/11/2023 00:00,16.2,5.3,11,81,8.3,13.13143973,10.63646619,0.249497355,3.984,0.71,6.288542497,HIN_1_a_FCOVER,21/11/2023,0.589205133,0.666696863,0.721203764
HIN,26/11/2023 00:00,17.6,-0.2,8.3,77,10.4,10.95244552,8.433383052,0.251906247,4.992,0.77,5.585958502,HIN_1_a_FCOVER,26/11/2023,0.745187616,0.746628351,0.826184808
HIN,01/12/2023 00:00,14.5,4.9,8.9,86.2,7.5,11.40701086,9.832843362,0.15741675,3.6,0.8,5.065706716,HIN_1_b_FCOVER,01/12/2023,0.749978271,0.794084244,0.828730034
HIN,06/12/2023 00:00,12.3,7.4,9.8,93.2,4,12.11998753,11.29582838,0.082415915,1.92,0.84,5.632068428,HIN_1_b_FCOVER,06/12/2023,0.850998753,0.84148803,0.887915214
HIN,11/12/2023 00:00,13.2,3.6,8.3,98,5.9,10.95244552,10.73339661,0.021904891,2.832,0.88,6.184925137,HIN_1_b_FCOVER,11/12/2023,0.929933919,0.867225826,0.948039479
HIN,16/12/2023 00:00,14.8,-2.6,4.7,84,10.2,8.544910684,7.177724975,0.136718571,4.896,0.91,5.30411018,HIN_1_b_FCOVER,16/12/2023,0.962335103,0.874883837,0.970040692
HIN,21/12/2023 00:00,12.4,-2.6,4.9,82.8,9.9,8.665241875,7.174820272,0.14904216,4.752,0.92,5.30524689,HIN_1_b_FCOVER,21/12/2023,0.982681539,0.917870025,0.98993257
HIN,26/12/2023 00:00,4,-2.6,1,98.8,4.5,6.569241965,6.490411061,0.00788309,2.16,0.9,2.769150889,HIN_1_b_FCOVER,26/12/2023,0.989622553,0.931963384,0.990206785
HIN,31/12/2023 00:00,13,1.6,8.7,88.7,6.2,11.25367864,9.982012958,0.127166569,2.976,0.89,3.994364957,HIN_1_b_FCOVER,31/12/2023,0.860027976,0.66129607,0.704538928
HIN,05/01/2024 00:00,9.1,3.8,6.8,83.4,8.4,9.885061557,8.244141338,0.164092022,4.032,0.88,5.221130784,HIN_1_b_FCOVER,05/01/2024,0.953050991,0.836499631,0.900262323
HIN,10/01/2024 00:00,10.5,3.4,6.7,93,4.2,9.817278901,9.130069378,0.068720952,2.016,0.87,3.155200975,HIN_1_b_FCOVER,10/01/2024,0.977048152,0.897138384,0.986271077
HIN,15/01/2024 00:00,16.8,10.7,13.4,90,4.3,15.37917203,13.84125483,0.15379172,2.064,0.86,3.886550637,HIN_1_b_FCOVER,15/01/2024,0.93700605,0.88528529,0.951044754
HIN,20/01/2024 00:00,10.5,-1.3,4.7,85.2,10,8.544910684,7.280263903,0.126464678,4.8,0.86,6.60121117,HIN_1_b_FCOVER,20/01/2024,0.872529493,0.885242071,0.885439362
HIN,25/01/2024 00:00,21,2,9.7,87,11.7,12.03887923,10.47382493,0.15650543,5.616,0.85,8.108966492,HIN_1_b_FCOVER,25/01/2024,0.879321183,0.881420677,0.8991926
HIN,30/01/2024 00:00,15.6,0.7,6.8,91.4,12.2,9.885061557,9.034946263,0.085011529,5.856,0.84,8.302468874,HIN_1_b_FCOVER,30/01/2024,0.918886648,0.853537086,0.93112376
HIN,04/02/2024 00:00,17.8,-0.9,7.1,80.8,13.2,10.09088955,8.15343876,0.193745079,6.336,0.83,9.234578847,HIN_1_b_FCOVER,04/02/2024,0.946073145,0.84780219,0.952701738
HIN,09/02/2024 00:00,12.5,8.7,10.3,91.7,3,12.53278002,11.49255928,0.104022074,1.44,0.82,3.996950377,HIN_1_b_FCOVER,09/02/2024,0.8786567,0.816371458,0.910311039
HIN,14/02/2024 00:00,22,5.9,13.2,82.7,11.5,15.17975605,12.55365825,0.26260978,5.52,0.81,8.676302951,HIN_1_b_FCOVER,14/02/2024,0.879543275,0.812777234,0.906337754
HIN,19/02/2024 00:00,19.7,1.8,10.3,80.5,15.7,12.53278002,10.08888791,0.24438921,7.536,0.8,12.38406624,HIN_1_b_FCOVER,19/02/2024,0.917523497,0.815409879,0.917198724
HIN,24/02/2024 00:00,12.3,2.9,6.7,82,13.6,9.817278901,8.050168699,0.17671102,6.528,0.81,11.65471806,HIN_1_b_FCOVER,24/02/2024,0.94117303,0.808470057,0.927430597
HIN,29/02/2024 00:00,14.5,-1.2,7.2,76.6,17,10.16033273,7.782814869,0.237751786,8.16,0.82,13.2842935,HIN_1_b_FCOVER,29/02/2024,0.929603577,0.816197303,0.917805321
HIN,05/03/2024 00:00,13.6,0,6.5,80.2,18.1,9.682940807,7.765718527,0.191722228,8.688,0.83,12.64758624,HIN_1_b_FCOVER,05/03/2024,0.956868682,0.829423229,0.942239232
HIN,10/03/2024 00:00,13.1,5.8,8.6,80.6,12.1,11.17769491,9.009222096,0.216847281,5.808,0.83,9.191986618,HIN_1_b_FCOVER,10/03/2024,0.951138311,0.838242935,0.940833867
HIN,15/03/2024 00:00,20.1,3,11.8,81,17.3,13.84627016,11.21547883,0.263079133,8.304,0.82,12.43562335,HIN_1_b_FCOVER,15/03/2024,0.944944104,0.835065504,0.917854064
HIN,20/03/2024 00:00,20.5,7.2,13.2,80.9,15.7,15.17975605,12.28042264,0.289933341,7.536,0.82,13.65270353,HIN_1_b_FCOVER,20/03/2024,0.956032236,0.822239293,0.931054135
HIN,25/03/2024 00:00,15.5,6.9,11.9,88.2,7.3,13.93798413,12.293302,0.164468213,3.504,0.83,6.191179766,HIN_1_b_FCOVER,25/03/2024,0.941606495,0.827521629,0.923991674
HIN,30/03/2024 00:00,11.3,5.3,7.5,90.8,7.6,10.3711941,9.417044245,0.095414986,3.648,0.84,8.665876586,HIN_1_b_FCOVER,30/03/2024,0.907861776,0.821162714,0.896642307
HIN,01/04/2024 00:00,15.7,3.6,9.1,80,20.8,11.56217822,9.249742579,0.231243564,9.984,0.85,14.99472162,HIN_1_c_FCOVER,01/04/2024,0.905424723,0.823309578,0.896442246
HIN,06/04/2024 00:00,23.6,9.9,17,60.5,10,19.38363841,11.72710124,0.765653717,4.8,0.85,9.847123279,HIN_1_c_FCOVER,06/04/2024,0.943296972,0.854611406,0.923202037
HIN,11/04/2024 00:00,24,6.5,15.8,63.4,23.9,17.95776097,11.38522046,0.657254052,11.472,0.86,19.03659182,HIN_1_c_FCOVER,11/04/2024,0.963344403,0.873287581,0.940510689
HIN,16/04/2024 00:00,27.3,8.7,18.4,60.6,24.4,21.17167824,12.83003701,0.834164123,11.712,0.86,19.51152425,HIN_1_c_FCOVER,16/04/2024,0.947877122,0.872369121,0.933254999
HIN,21/04/2024 00:00,24,6.9,15,74.3,21.6,17.0590463,12.6748714,0.43841749,10.368,0.8,14.57386027,HIN_1_c_FCOVER,21/04/2024,0.926045224,0.815666592,0.912644468
HIN,26/04/2024 00:00,15.8,4.8,10.9,77.6,14.5,13.04440738,10.12246013,0.292194725,6.96,0.75,10.20486423,HIN_1_c_FCOVER,26/04/2024,0.889383295,0.797638142,0.866419965
HIN,01/05/2024 00:00,15.1,4.1,9.6,74.4,22.3,11.95824867,8.896937009,0.306131166,10.704,0.69,10.24702086,HIN_1_c_FCOVER,01/05/2024,0.783243605,0.738134957,0.787390375
HIN,06/05/2024 00:00,21.8,7.3,15.2,66.5,19.8,17.27994491,11.49116336,0.578878154,9.504,0.64,9.624170607,HIN_1_c_FCOVER,06/05/2024,0.666296081,0.650787622,0.672427886
HIN,11/05/2024 00:00,28.7,11.9,21.3,33.4,28,25.34034452,8.463675071,1.687666945,13.44,0.57,7.436778396,HIN_1_c_FCOVER,11/05/2024,0.627456452,0.596021805,0.543200634
HIN,16/05/2024 00:00,20.8,3.6,13.7,60.7,22.1,15.68260712,9.519342519,0.61632646,10.608,0.48,7.179955856,HIN_1_c_FCOVER,16/05/2024,0.486463016,0.490921614,0.421861819
HIN,21/05/2024 00:00,21.9,6.5,15,56.2,26.4,17.0590463,9.587184019,0.747186228,12.672,0.4,7.471280056,HIN_1_c_FCOVER,21/05/2024,0.29916258,0.403179057,0.32648341
HIN,26/05/2024 00:00,30.8,11.3,22.2,36.9,28.6,26.77209997,9.878904887,1.689319508,13.728,0.33,6.999981787,HIN_1_c_FCOVER,26/05/2024,0.195290873,0.332604656,0.267185906
HIN,31/05/2024 00:00,35.5,14.7,26.8,32.5,27.5,35.24873398,11.45583854,2.379289543,13.2,0.26,5.7118201,HIN_1_c_FCOVER,31/05/2024,0.129193062,0.271068979,0.198766337
HIN,05/06/2024 00:00,33.1,14.7,24.8,41.9,30.1,31.31260182,13.11998016,1.819262166,14.448,0.2,5.746591967,HIN_1_c_FCOVER,05/06/2024,0.079234229,0.196294275,0.177875493
HIN,10/06/2024 00:00,25.4,13.3,19.5,64.5,24.4,22.67622367,14.62616427,0.80500594,11.712,0.19,6.485781721,HIN_1_c_FCOVER,10/06/2024,0.066852787,0.181161025,0.144270199
STC,09/11/2017 00:00,13.3,2.2,7.5,53.2,11.6,10.3711941,5.517475263,0.485371884,5.568,0.493648291,1.865495157,STC_1_a_FCOVER,09/11/2017,0.237675637,0.413124225,0.384294758
STC,14/11/2017 00:00,16.6,1.3,7.4,38,10.8,10.30048282,3.914183472,0.638629935,5.184,0.485587547,1.772833374,STC_1_a_FCOVER,14/11/2017,0.233305159,0.427174506,0.379055808
STC,19/11/2017 00:00,21.6,4.4,11.7,40.7,9.9,13.75508675,5.598320306,0.815676644,4.752,0.515248885,1.757345276,STC_1_a_FCOVER,19/11/2017,0.243362064,0.444222718,0.416201353
STC,24/11/2017 00:00,19.9,7.1,13,41.9,9.6,14.98261332,6.277714981,0.870489834,4.608,0.529545198,1.73958881,STC_1_a_FCOVER,24/11/2017,0.25653489,0.464802177,0.432518618
STC,29/11/2017 00:00,13.1,3.6,8.8,96,4.2,11.33011652,10.87691186,0.045320466,2.016,0.543841491,1.699767755,STC_1_a_FCOVER,29/11/2017,0.267039451,0.500409281,0.480438602
STC,01/12/2017 00:00,9.7,-3.7,2.9,83.6,8.4,7.526515497,6.292166956,0.123434854,4.032,0.54956002,1.730805399,STC_1_b_FCOVER,01/12/2017,0.287097842,0.523939133,0.509480407
STC,06/12/2017 00:00,14.7,-2.2,4.9,48.5,9.4,8.665241875,4.202642309,0.446259957,4.512,0.545670917,1.740623313,STC_1_b_FCOVER,06/12/2017,0.259094427,0.488869826,0.451111635
STC,11/12/2017 00:00,10.5,-0.1,5,95.4,3.8,8.725965893,8.324571462,0.040139443,1.824,0.557248692,1.614111215,STC_1_b_FCOVER,11/12/2017,0.31415009,0.581399124,0.577132144
STC,16/12/2017 00:00,10.1,-0.3,4.2,66.7,9.4,8.250506557,5.503087873,0.274741868,4.512,0.627632221,1.808866748,STC_1_b_FCOVER,16/12/2017,0.292819682,0.575026548,0.549902047
STC,21/12/2017 00:00,15.9,0.5,7.1,64.4,9.3,10.09088955,6.498532873,0.359235668,4.464,0.62307936,1.840241178,STC_1_b_FCOVER,21/12/2017,0.325796214,0.609018998,0.597979062
STC,26/12/2017 00:00,8.3,2.6,5.4,93.9,4.4,8.97263093,8.425300444,0.054733049,2.112,0.674639841,1.878601325,STC_1_b_FCOVER,26/12/2017,0.316831743,0.600812366,0.591360033
STC,31/12/2017 00:00,12,3,7,97,3.9,10.02186474,9.721208797,0.030065594,1.872,0.721312503,1.297494827,STC_1_b_FCOVER,31/12/2017,0.314683693,0.619388796,0.604680717
STC,05/01/2018 00:00,8,19,14.1,97.7,5.9,16.09535292,15.7251598,0.037019312,2.832,0.741990228,1.924154438,STC_1_b_FCOVER,05/01/2018,0.377432077,0.689096503,0.68859803
STC,10/01/2018 00:00,11.4,5.3,8.3,97.2,5.9,10.95244552,10.64577705,0.030666847,2.832,0.762668014,1.203089713,STC_1_b_FCOVER,10/01/2018,0.425811367,0.738283438,0.741288587
STC,15/01/2018 00:00,13.7,-4.9,0.7,82.5,10.4,6.428369254,5.303404634,0.112496462,4.992,0.783345759,1.553576442,STC_1_b_FCOVER,15/01/2018,0.4441161,0.755314296,0.767068798
STC,20/01/2018 00:00,22.9,2.9,13.8,69.8,10.4,15.784913,11.01786928,0.476704373,4.992,0.756800195,2.53268908,STC_1_b_FCOVER,20/01/2018,0.472864317,0.76147164,0.772832934
STC,25/01/2018 00:00,9,6.3,7.9,97.8,1.5,10.65833211,10.42384881,0.023448331,0.72,0.734174391,0.99794866,STC_1_b_FCOVER,25/01/2018,0.495185854,0.755888456,0.775455028
STC,30/01/2018 00:00,16.1,4.3,8.5,60.3,11.4,11.102163,6.694604292,0.440755871,5.472,0.707592607,1.887559264,STC_1_b_FCOVER,30/01/2018,0.55374367,0.772042354,0.801756556
STC,04/02/2018 00:00,6.3,0.9,2.9,86.6,6.7,7.526515497,6.517962421,0.100855308,3.216,0.742067814,1.669510773,STC_1_b_FCOVER,04/02/2018,0.599122983,0.779610942,0.820334767
STC,09/02/2018 00:00,9.3,-5.9,2.3,78.2,13.4,7.211718271,5.639563688,0.157215458,6.432,0.778251509,1.867732952,STC_1_b_FCOVER,09/02/2018,0.608343515,0.772818062,0.806106048
STC,14/02/2018 00:00,12.5,-0.7,5.6,76.6,12.1,9.098252779,6.969261629,0.212899115,5.808,0.788807571,2.787341055,STC_1_b_FCOVER,14/02/2018,0.638407552,0.792627183,0.831153639
STC,19/02/2018 00:00,15.7,-0.4,6.7,63,14.6,9.817278901,6.184885708,0.363239319,7.008,0.795094808,3.024650798,STC_1_b_FCOVER,19/02/2018,0.647426903,0.800655623,0.833386223
STC,24/02/2018 00:00,11.9,-4.9,3.5,61.3,14.6,7.853381592,4.814122916,0.303925868,7.008,0.776278357,2.401626503,STC_1_b_FCOVER,24/02/2018,0.584347387,0.771958133,0.785184642
STC,01/03/2018 00:00,11.6,3.2,7.3,93.4,5.2,10.23019642,9.55500346,0.067519296,2.496,0.767077486,1.265459224,STC_1_c_FCOVER,01/03/2018,0.565841854,0.776700338,0.788524489
STC,06/03/2018 00:00,8.2,3.3,5.8,97.2,6.3,9.225422352,8.967110526,0.025831183,3.024,0.769002438,2.661288569,STC_1_c_FCOVER,06/03/2018,0.539473931,0.783693751,0.779196302
STC,11/03/2018 00:00,7.3,0.9,3.4,91.7,8.9,7.798049162,7.150811081,0.064723808,4.272,0.770927409,3.111920716,STC_1_c_FCOVER,11/03/2018,0.505542845,0.7842231,0.772944053
STC,16/03/2018 00:00,9.3,-1.2,3.1,88.6,15.5,7.634110588,6.763821981,0.087028861,7.44,0.772852341,3.336423288,STC_1_c_FCOVER,16/03/2018,0.581246475,0.792870343,0.767745157
STC,21/03/2018 00:00,11,-8.8,6.3,41.5,20.1,9.550224903,3.963343335,0.558688157,9.648,0.775451044,2.833250798,STC_1_c_FCOVER,21/03/2018,0.637173911,0.787430803,0.771872103
STC,26/03/2018 00:00,16.9,-5.5,6.9,67.8,20.2,9.953256123,6.748307651,0.320494847,9.696,0.780744632,2.794462331,STC_1_c_FCOVER,26/03/2018,0.680470566,0.776436687,0.772516886
STC,31/03/2018 00:00,13.1,-9.7,4.9,76,20.5,8.665241875,6.585583825,0.207965805,9.84,0.785365164,2.896153487,STC_1_c_FCOVER,31/03/2018,0.657033722,0.780461927,0.770211021
STC,05/04/2018 00:00,21.4,4.8,12.6,60.6,20.4,14.59505942,8.84460601,0.575045341,9.792,0.789536993,5.217885644,STC_1_c_FCOVER,05/04/2018,0.675814529,0.800145765,0.787548165
STC,10/04/2018 00:00,7.9,2.8,5.3,98.9,5.7,8.910395347,8.812380998,0.009801435,2.736,0.793708781,5.695500663,STC_1_c_FCOVER,10/04/2018,0.718082309,0.810341795,0.801923593
STC,15/04/2018 00:00,13.7,4,9,88.6,12.7,11.48436398,10.17514649,0.130921749,6.096,0.801774303,5.990549153,STC_1_c_FCOVER,15/04/2018,0.752823542,0.815694576,0.806848178
STC,20/04/2018 00:00,22.5,7.8,14.7,62.2,19.7,16.73234111,10.40751617,0.632482494,9.456,0.776549816,6.063339877,STC_1_c_FCOVER,20/04/2018,0.832003358,0.776269283,0.840809982
STC,25/04/2018 00:00,25.4,8.9,16,66.7,20,18.18882059,12.13194334,0.605687726,9.6,0.777732551,7.582088834,STC_1_c_FCOVER,25/04/2018,0.796471127,0.782760903,0.824910878
STC,30/04/2018 00:00,12.3,2.9,7.4,79.4,16.5,10.30048282,8.178583359,0.212189946,7.92,0.779341042,7.748534969,STC_1_c_FCOVER,30/04/2018,0.800089429,0.779191643,0.821933885
STC,05/05/2018 00:00,23.9,5.5,15.8,56.1,22.5,17.95776097,10.0743039,0.788345707,10.8,0.780035555,7.115305276,STC_1_c_FCOVER,05/05/2018,0.769945062,0.760652284,0.802252513
STC,10/05/2018 00:00,22.1,9.3,14.9,85.3,16.3,16.94952851,14.45794781,0.249158069,7.824,0.773612479,6.42527627,STC_1_c_FCOVER,10/05/2018,0.77570112,0.759635497,0.799310322
STC,15/05/2018 00:00,23.7,7.4,16.4,44.3,26.9,18.65876874,8.265834554,1.039293419,12.912,0.769057592,6.137485693,STC_1_c_FCOVER,15/05/2018,0.760978281,0.75564126,0.785491725
STC,20/05/2018 00:00,22.4,8.3,14.8,84.9,21.3,16.84062776,14.29769297,0.254293479,10.224,0.744596322,4.939263013,STC_1_c_FCOVER,20/05/2018,0.712385535,0.695660253,0.69132942
STC,25/05/2018 00:00,19.3,8.3,14,82.7,19.6,15.99128306,13.22479109,0.276649197,9.408,0.694537898,2.985843877,STC_1_c_FCOVER,25/05/2018,0.633793751,0.625744224,0.656622728
STC,30/05/2018 00:00,19.1,7,13.3,83.1,13.1,15.2791785,12.69699733,0.258218117,6.288,0.65255475,2.779401227,STC_1_c_FCOVER,30/05/2018,0.463438531,0.576435904,0.574084659
STC,04/06/2018 00:00,19.2,9.2,14.3,75.2,20.2,16.30527665,12.26156804,0.404370861,9.696,0.610571603,3.389238773,STC_1_c_FCOVER,04/06/2018,0.299305032,0.498925507,0.434748481
STC,09/06/2018 00:00,19.8,9.5,14.7,75.5,15,16.73234111,12.63291754,0.409942357,7.2,0.568588456,2.326517791,STC_1_c_FCOVER,09/06/2018,0.253570129,0.405579368,0.353410016
STC,14/06/2018 00:00,28.6,11.7,20.6,46.5,28.2,24.27346861,11.2871629,1.298630571,13.536,0.507013172,2.889945031,STC_1_c_FCOVER,14/06/2018,0.239041368,0.348629594,0.299324592
STC,19/06/2018 00:00,32.6,13.8,22.7,48.4,27.2,27.59764987,13.35726254,1.424038733,13.056,0.417725851,1.51943362,STC_1_c_FCOVER,19/06/2018,0.21693639,0.327529013,0.290545126
STC,24/06/2018 00:00,37.5,14.6,26.4,36.8,26.1,34.42873398,12.6697741,2.175895988,12.528,0.354363998,0.516720982,STC_1_c_FCOVER,24/06/2018,0.16624852,0.295277953,0.246011376
STC,29/06/2018 00:00,29.9,10.7,21,54,27.3,24.87819741,13.4342266,1.144397081,13.104,0.340543161,1.131966626,STC_1_c_FCOVER,29/06/2018,0.129828582,0.253171752,0.182685624
STC,01/07/2018 00:00,24.2,11.7,18.5,69.2,26.3,21.30474676,14.74288476,0.6561862,12.624,0.333385845,1.04600638,STC_1_d_FCOVER,01/07/2018,0.143141196,0.276114205,0.193537961
STC,06/07/2018 00:00,32.1,12.4,23.2,36.3,27.2,28.44534011,10.32565846,1.811968165,13.056,0.301684062,0.164167362,STC_1_d_FCOVER,06/07/2018,0.130316432,0.245560654,0.182121186
STC,11/07/2018 00:00,30,13,22.5,52,26.7,27.26480071,14.17769637,1.308710434,12.816,0.318366567,0.074392785,STC_1_d_FCOVER,11/07/2018,0.11838203,0.225676997,0.164048933
STC,16/07/2018 00:00,29.9,10.1,20.4,49.8,27.1,23.97595221,11.9400242,1.203592801,13.008,0.27287142,0.039627828,STC_1_d_FCOVER,16/07/2018,0.110939895,0.20958506,0.143857852
STC,21/07/2018 00:00,31.5,15.4,24,35.9,26.7,29.84894529,10.71577136,1.913317393,12.816,0.297732671,0.064960294,STC_1_d_FCOVER,21/07/2018,0.124449842,0.199548754,0.16257228
STC,26/07/2018 00:00,32.8,12.1,23,37,29.5,28.10357543,10.39832291,1.770525252,14.16,0.260069465,0.097034307,STC_1_d_FCOVER,26/07/2018,0.120549152,0.188376548,0.155995768
STC,31/07/2018 00:00,36.3,14.4,25.5,29.9,28.5,32.64425171,9.760631261,2.288362045,13.68,0.281893288,0.512011288,STC_1_d_FCOVER,31/07/2018,0.11979495,0.185881863,0.153018162
STC,05/08/2018 00:00,38.6,17.3,28.6,29.8,27.1,39.152909,11.66756688,2.748534212,13.008,0.245039364,0.612858896,STC_1_d_FCOVER,05/08/2018,0.107988338,0.180068402,0.138404748
STC,10/08/2018 00:00,34.1,14.1,25.1,24.3,26.8,31.87739212,7.746206285,2.413118584,12.864,0.28452227,0.701651877,STC_1_d_FCOVER,10/08/2018,0.108619687,0.171284789,0.141760934
STC,15/08/2018 00:00,32.3,14,23.1,39.8,26.6,28.27400701,11.25305479,1.702095222,12.768,0.240963687,0.749958773,STC_1_d_FCOVER,15/08/2018,0.080601002,0.157368224,0.112949427
STC,20/08/2018 00:00,32.6,16.6,24,60.5,21.8,29.84894529,18.0586119,1.179033339,10.464,0.29833596,0.839880736,STC_1_d_FCOVER,20/08/2018,0.097289393,0.179965932,0.133978658
STC,25/08/2018 00:00,35.5,16.7,26.2,31.9,26.6,34.02500358,10.85397614,2.317102744,12.768,0.250738442,1.217611288,STC_1_d_FCOVER,25/08/2018,0.1071458,0.188528436,0.139611518
STC,30/08/2018 00:00,32.4,13.7,23.3,37.6,23.4,28.61757875,10.76020961,1.785736914,11.232,0.26426442,0.037833227,STC_1_d_FCOVER,30/08/2018,0.098973691,0.182111122,0.128826248
STC,01/09/2018 00:00,35.4,15.9,25.6,37.4,22.4,32.83846078,12.28158433,2.055687645,10.752,0.231121649,0.043081571,STC_2_a_FCOVER,01/09/2018,0.101688862,0.171215778,0.130221575
STC,06/09/2018 00:00,27.6,10.6,19.1,58.2,18.4,22.11863648,12.87304643,0.924559005,8.832,0.239947334,0.052330847,STC_2_a_FCOVER,06/09/2018,0.088032266,0.159956381,0.090942581
STC,11/09/2018 00:00,28.8,15.6,21.8,57.5,16.5,26.12727136,15.02318103,1.110409033,7.92,0.218217671,0.070687706,STC_2_a_FCOVER,11/09/2018,0.078677823,0.132629737,0.076430808
STC,16/09/2018 00:00,29.7,12.7,20.9,70.6,19.6,24.725794,17.45641056,0.726938343,9.408,0.266447355,0.172531534,STC_2_a_FCOVER,16/09/2018,0.091032932,0.14787273,0.083213548
STC,21/09/2018 00:00,32.7,13.3,22.3,59,18.6,26.93546238,15.8919228,1.104353957,8.928,0.236345679,0.29551411,STC_2_a_FCOVER,21/09/2018,0.091819575,0.155965099,0.111070874
STC,26/09/2018 00:00,30,13.9,19.8,74,16.1,23.10244467,17.09580906,0.600663561,7.728,0.264937967,0.279187485,STC_2_a_FCOVER,26/09/2018,0.101488551,0.176141672,0.127289992
STC,01/10/2018 00:00,29.2,12.6,20.2,47,17.2,23.68162874,11.13036551,1.255126323,8.256,0.264648726,1.618771948,STC_2_a_FCOVER,01/10/2018,0.093139748,0.168996171,0.125538739
STC,06/10/2018 00:00,27.5,8.9,17.6,45.4,19.2,20.13305562,9.140407254,1.099264837,9.216,0.246989806,1.964213379,STC_2_a_FCOVER,06/10/2018,0.082127029,0.167020191,0.110043946
STC,11/10/2018 00:00,18.5,14,16.1,89.3,5.3,18.30532437,16.34665466,0.195866971,2.544,0.274380217,1.370660971,STC_2_a_FCOVER,11/10/2018,0.111577795,0.213236647,0.166929266
STC,16/10/2018 00:00,18.9,10.5,13.5,82.7,14.1,15.47973945,12.80174452,0.267799492,6.768,0.379720817,1.670102777,STC_2_a_FCOVER,16/10/2018,0.165043736,0.321422507,0.258058598
STC,21/10/2018 00:00,20.6,9.3,14.4,86.5,11.7,16.41113629,14.19563289,0.22155034,5.616,0.437125991,1.716185733,STC_2_a_FCOVER,21/10/2018,0.251577409,0.455426221,0.399070572
STC,26/10/2018 00:00,14.4,8.2,11.9,88.7,3.5,13.93798413,12.36299192,0.157499221,1.68,0.518681765,0.469048638,STC_2_a_FCOVER,26/10/2018,0.308705824,0.540590269,0.472403944
STC,31/10/2018 00:00,7.7,4.4,5.7,96.1,5.9,9.161643084,8.804339004,0.035730408,2.832,0.593233466,0.511859614,STC_2_a_FCOVER,31/10/2018,0.292493863,0.530419979,0.469267545
STC,05/11/2018 00:00,9.9,4.3,8,88.1,7.8,10.73120093,9.454188017,0.127701291,3.744,0.602940182,1.073831139,STC_2_a_FCOVER,05/11/2018,0.281260878,0.565434522,0.48809628
STC,10/11/2018 00:00,10.9,7.7,9,99.9,2.5,11.48436398,11.47287962,0.001148436,1.2,0.612646937,0.583994198,STC_2_a_FCOVER,10/11/2018,0.290120116,0.606011427,0.518855345
STC,15/11/2018 00:00,17,6.6,11.1,82,9.2,13.21898199,10.83956523,0.237941676,4.416,0.647591134,1.229253491,STC_2_a_FCOVER,15/11/2018,0.30847627,0.643351944,0.569836794
STC,20/11/2018 00:00,12.3,4.6,7.7,96.5,4.5,10.51390011,10.14591361,0.03679865,2.16,0.665791253,0.834695475,STC_2_a_FCOVER,20/11/2018,0.365547667,0.700574934,0.665335516
STC,25/11/2018 00:00,12,7.8,10,100,3.9,12.28364703,12.28364703,0,1.872,0.685031374,0.694672539,STC_2_a_FCOVER,25/11/2018,0.413561086,0.738959432,0.72106717
STC,30/11/2018 00:00,12.8,1.5,8.3,85.5,10.3,10.95244552,9.364340921,0.15881046,4.944,0.705831488,1.360140623,STC_2_a_FCOVER,30/11/2018,0.451954077,0.750117501,0.753021618
STC,01/12/2018 00:00,12.7,0.1,5.5,81.2,10.5,9.035249403,7.336622515,0.169862689,5.04,0.715538224,1.354045104,STC_2_b_FCOVER,01/12/2018,0.419695586,0.615134478,0.72521468
STC,06/12/2018 00:00,19.9,4.3,10.9,74.8,11.2,13.04440738,9.757216721,0.328719066,5.376,0.729616086,1.341377286,STC_2_b_FCOVER,06/12/2018,0.455628047,0.740276794,0.753738403
STC,11/12/2018 00:00,15.6,2,7.3,73.2,8.9,10.23019642,7.488503782,0.274169264,4.272,0.716251433,1.72707945,STC_2_b_FCOVER,11/12/2018,0.452878227,0.715115408,0.730096082
STC,16/12/2018 00:00,8.6,-0.3,4.1,104.2,3.3,8.192711498,8.536805381,-0.034409388,1.584,0.735281448,0.793659519,STC_2_b_FCOVER,16/12/2018,0.498177042,0.735622545,0.753581007
STC,21/12/2018 00:00,14.6,0.8,5.9,87.3,9.9,9.289592624,8.109814361,0.117977826,4.752,0.748808086,1.502952535,STC_2_b_FCOVER,21/12/2018,0.480510672,0.750577827,0.75040249
STC,26/12/2018 00:00,16.1,1.2,6.2,80.8,8.4,9.484470017,7.663451774,0.182101824,4.032,0.75930051,1.456134985,STC_2_b_FCOVER,26/12/2018,0.508576155,0.7436771,0.788628081
STC,31/12/2018 00:00,18.8,-0.3,7.9,49.7,7.9,10.65833211,5.297191061,0.536114105,3.792,0.767334839,1.25862988,STC_2_b_FCOVER,31/12/2018,0.483182271,0.75601085,0.781216959
STC,05/01/2019 00:00,15.5,-2.6,4.2,71.3,11,8.250506557,5.882611175,0.236789538,5.28,0.750672479,0.964567902,STC_2_b_FCOVER,05/01/2019,0.505280952,0.768904805,0.804758787
STC,10/01/2019 00:00,11.3,-3.6,3.1,59,11.2,7.634110588,4.504125247,0.312998534,5.376,0.745128036,1.013789104,STC_2_b_FCOVER,10/01/2019,0.512177865,0.749919494,0.795315365
STC,15/01/2019 00:00,13.5,-0.7,4.6,72.1,11.6,8.485299591,6.117901005,0.236739859,5.568,0.723149796,1.249009472,STC_2_b_FCOVER,15/01/2019,0.488299984,0.740763186,0.77993642
STC,20/01/2019 00:00,11.2,0.4,9.2,87.9,7.6,11.64045593,10.23196076,0.140849517,3.648,0.726575216,1.238313056,STC_2_b_FCOVER,20/01/2019,0.466421493,0.732888567,0.773467651
STC,25/01/2019 00:00,16,2.8,8.5,74.6,12.6,11.102163,8.282213602,0.28199494,6.048,0.730000595,1.420437104,STC_2_b_FCOVER,25/01/2019,0.482310259,0.741027341,0.779211787
STC,30/01/2019 00:00,9.5,4.2,7,81.5,9.2,10.02186474,8.167819762,0.185404498,4.416,0.73518763,1.472835364,STC_2_b_FCOVER,30/01/2019,0.534573942,0.737776508,0.786922872
STC,04/02/2019 00:00,13.8,-4.4,3.2,63.2,13.8,7.688415496,4.859078594,0.28293369,6.624,0.739102662,1.299952393,STC_2_b_FCOVER,04/02/2019,0.574019591,0.751816997,0.796746125
STC,09/02/2019 00:00,14.3,0.3,6.8,75,12,9.885061557,7.413796167,0.247126539,5.76,0.74320819,2.284345718,STC_2_b_FCOVER,09/02/2019,0.603393004,0.743475107,0.805474083
STC,14/02/2019 00:00,16.2,1.4,7.3,64.7,15.6,10.23019642,6.618937086,0.361125934,7.488,0.755018274,2.561653595,STC_2_b_FCOVER,14/02/2019,0.645043123,0.759609249,0.816350166
STC,19/02/2019 00:00,14.7,1.4,7.9,72.2,12.2,10.65833211,7.695315787,0.296301633,5.856,0.761785706,2.961435828,STC_2_b_FCOVER,19/02/2019,0.62280786,0.75843219,0.798020502
STC,24/02/2019 00:00,19.7,1.2,9.2,55.6,18.5,11.64045593,6.472093498,0.516836243,8.88,0.77477932,2.596884712,STC_2_b_FCOVER,24/02/2019,0.618444761,0.748580396,0.779277464
STC,01/03/2019 00:00,17,2.7,9.4,62.3,13.6,11.79841117,7.350410161,0.444800101,6.528,0.763432304,4.49634508,STC_2_b_FCOVER,01/03/2019,0.689420621,0.805696309,0.844127119
STC,06/03/2019 00:00,11,6.4,9.2,89.9,4.8,11.64045593,10.46476988,0.117568605,2.304,0.780368646,1.931756604,STC_2_b_FCOVER,06/03/2019,0.694309036,0.802999695,0.823754291
STC,11/03/2019 00:00,22.5,8.3,14.7,65.3,17.5,16.73234111,10.92621874,0.580612236,8.4,0.765668889,2.98477811,STC_2_b_FCOVER,11/03/2019,0.712956389,0.789056758,0.808526238
STC,16/03/2019 00:00,22.6,3.7,12.7,44,21.5,14.69111329,6.46408985,0.822702344,10.32,0.766508381,2.238036908,STC_2_b_FCOVER,16/03/2019,0.737078011,0.777662456,0.812418322
STC,21/03/2019 00:00,15.8,-0.2,7.5,50.8,21.8,10.3711941,5.268566604,0.51026275,10.464,0.721361319,1.404791264,STC_2_b_FCOVER,21/03/2019,0.699709932,0.770540198,0.775313457
STC,26/03/2019 00:00,23,4,13.6,38.9,21.6,15.58088354,6.060963696,0.951991984,10.368,0.686308523,2.226998822,STC_2_b_FCOVER,26/03/2019,0.675490201,0.711002529,0.722064992
STC,31/03/2019 00:00,13.9,9,10.8,85.7,7.9,12.9578824,11.10490521,0.185297718,3.792,0.657885174,1.175820044,STC_2_b_FCOVER,31/03/2019,0.625471652,0.684188743,0.65512075
STC,05/04/2019 00:00,8.9,3.8,6,78.6,9.8,9.354155951,7.352366577,0.200178937,4.704,0.647518754,1.678987926,STC_2_c_FCOVER,05/04/2019,0.565365811,0.650076965,0.580512079
STC,10/04/2019 00:00,13.6,5,8.7,71.5,15.5,11.25367864,8.046380231,0.320729841,7.44,0.666232169,6.626254266,STC_2_c_FCOVER,10/04/2019,0.532182892,0.643782397,0.560050935
STC,15/04/2019 00:00,22.3,8.7,15.3,63.9,22.4,17.3913317,11.11306096,0.627827074,10.752,0.611263355,3.452376638,STC_2_c_FCOVER,15/04/2019,0.519263106,0.626920977,0.527857309
STC,20/04/2019 00:00,12.5,5.4,9.5,79.2,11,11.87809345,9.407450011,0.247064344,5.28,0.505386402,2.872935637,STC_2_c_FCOVER,20/04/2019,0.404635007,0.517707816,0.39964586
STC,25/04/2019 00:00,13.6,7.2,10.4,82.1,14.6,12.61680582,10.35839758,0.225840824,7.008,0.36139376,2.922179341,STC_2_c_FCOVER,25/04/2019,0.192264896,0.335668161,0.206736458
STC,30/04/2019 00:00,26.6,8.3,17.2,58.1,23.7,19.63068233,11.40542643,0.82252559,11.376,0.209363878,1.602075092,STC_2_c_FCOVER,30/04/2019,0.117542972,0.230270137,0.137103925
STC,05/05/2019 00:00,21.7,8.4,14.8,78,23.3,16.84062776,13.13568965,0.370493811,11.184,0.23172614,0.412079264,STC_2_c_FCOVER,05/05/2019,0.086697304,0.193195458,0.10067036
STC,10/05/2019 00:00,27.9,9,17.8,68.8,23.9,20.38843714,14.02724476,0.636119239,11.472,0.22064811,0.293992638,STC_2_c_FCOVER,10/05/2019,0.08874103,0.147194349,0.098068349
STC,15/05/2019 00:00,32.5,10.8,18.4,44.4,25.6,21.17167824,9.400225137,1.17714531,12.288,0.218917578,0.515828712,STC_2_c_FCOVER,15/05/2019,0.072414561,0.13256803,0.092183408
STC,20/05/2019 00:00,22.5,4.1,13.9,50.8,22.3,15.88780404,8.071004451,0.781679959,10.704,0.207402046,0.21562719,STC_2_c_FCOVER,20/05/2019,0.074505796,0.126200472,0.087342799
STC,25/05/2019 00:00,25.5,12.4,19,41.6,29.7,21.98112837,9.144149402,1.283697897,14.256,0.246430968,0.618201718,STC_2_c_FCOVER,25/05/2019,0.08027331,0.151685948,0.095460057
STC,30/05/2019 00:00,31.4,16,23.1,24.4,30.3,28.27400701,6.898857709,2.13751493,14.544,0.221356859,0.22592589,STC_2_c_FCOVER,30/05/2019,0.102977902,0.164541637,0.120398541
STC,04/06/2019 00:00,27.7,9.8,20.2,38.7,28.9,23.68162874,9.164790321,1.451683841,13.872,0.25401408,2.871567117,STC_2_c_FCOVER,04/06/2019,0.094768157,0.175509617,0.134836485
